period_days,duration_hours,transit_time_btjd,depth_fraction,depth_error_fraction,power,depth_percent,depth_snr
40.47030089822501,2.18983275,1533.006102289291,0.017380145159937393,0.00040567159058234304,42.84289450732335,1.7380145159937392,42.84289450732335
40.47040232755057,2.18983275,1533.006102289291,0.017224049762063876,0.00040370499671351913,42.66494074207995,1.7224049762063876,42.66494074207995
40.470503756876134,2.18983275,1532.996977986166,0.01745829905070008,0.00040370499671351815,43.24518941510412,1.745829905070008,43.24518941510412
40.47060518620169,2.18983275,1532.996977986166,0.01758491861602395,0.00040567159058234304,43.34767093446385,1.7584918616023948,43.34767093446385
40.47070661552725,2.18983275,1532.987853683041,0.017188766980065953,0.00040176687231053805,42.782937481167494,1.7188766980065953,42.782937481167494
40.47080804485281,2.18983275,1532.987853683041,0.017273861510522615,0.00040370499671352016,42.788327246741034,1.7273861510522615,42.788327246741034
40.47090947417837,2.18983275,1532.978729379916,0.017121564248915085,0.00040370499671352016,42.41107835745963,1.7121564248915084,42.41107835745963
40.47101090350393,2.18983275,1532.978729379916,0.017224808220219708,0.00040370499671352016,42.666819485622796,1.7224808220219707,42.666819485622796
40.47111233282949,2.18983275,1532.969605076791,0.01722760729881642,0.000405671590582344,42.46688133641817,1.7227607298816419,42.46688133641817
40.471213762155045,2.18983275,1532.960480773666,0.016981191886999966,0.00039985653773378575,42.46821118204552,1.6981191886999967,42.46821118204552
40.471315191480606,2.18983275,1532.951356470541,0.01728201598648207,0.00040370499671351913,42.80852634267961,1.728201598648207,42.80852634267961
40.47141662080617,2.18983275,1532.951356470541,0.01714877236827261,0.00040370499671352016,42.47847440055798,1.714877236827261,42.47847440055798
40.47151805013173,2.18983275,1532.942232167416,0.01714329724592732,0.00039985653773378765,42.87361998152649,1.7143297245927318,42.87361998152649
40.47161947945729,2.18983275,1532.942232167416,0.01727238413421318,0.00040370499671351913,42.784667702466336,1.7272384134213181,42.784667702466336
40.47172090878284,2.18983275,1532.933107864291,0.017322641030900955,0.000401766872310539,43.116150745031334,1.7322641030900956,43.116150745031334
40.4718223381084,2.18983275,1532.933107864291,0.017451967037331886,0.000405671590582344,43.01993889263846,1.7451967037331886,43.01993889263846
40.471923767433964,2.18983275,1532.923983561166,0.01735729670703527,0.000405671590582344,42.78657197098462,1.7357296707035268,42.78657197098462
40.472025196759525,2.18983275,1532.914859258041,0.017293088729270444,0.00040176687231053995,43.04259490041777,1.7293088729270445,43.04259490041777
40.472126626085085,2.18983275,1532.914859258041,0.01711147114279412,0.000401766872310539,42.59054770839367,1.711147114279412,42.59054770839367
40.47222805541064,2.18983275,1532.905734954916,0.016896453052686215,0.00039797333584043167,42.456244001886816,1.6896453052686216,42.456244001886816
40.4723294847362,2.18983275,1532.905734954916,0.017434039025726968,0.000405671590582344,42.975745480969714,1.7434039025726968,42.975745480969714
40.47243091406176,2.18983275,1532.896610651791,0.017190013480323545,0.00040370499671351913,42.58063095642604,1.7190013480323545,42.58063095642604
40.47253234338732,2.18983275,1532.896610651791,0.016949614146989443,0.0003998565377337867,42.389238508022146,1.6949614146989442,42.389238508022146
40.47263377271288,2.18983275,1532.887486348666,0.017151285494429836,0.00040370499671351913,42.48469955550461,1.7151285494429835,42.48469955550461
40.47273520203844,2.18983275,1532.878362045541,0.01710191525495741,0.000401766872310539,42.566763049938004,1.7101915254957412,42.566763049938004
40.472836631364,2.18983275,1532.869237742416,0.01690979044647822,0.000401766872310539,42.08856332337944,1.690979044647822,42.08856332337944
40.47293806068956,2.18983275,1532.860113439291,0.01696555230391444,0.000401766872310539,42.227354899488084,1.696555230391444,42.227354899488084
40.47303949001512,2.18983275,1532.860113439291,0.01686859598823943,0.0003998565377337867,42.186620441029454,1.6868595988239432,42.186620441029454
40.47314091934068,2.18983275,1532.850989136166,0.017095438787801596,0.00040370499671351815,42.346364119771,1.7095438787801596,42.346364119771
40.47324234866624,2.18983275,1532.850989136166,0.017219302097840252,0.0004017668723105371,42.85893956067876,1.7219302097840252,42.85893956067876
40.47334377799179,2.18983275,1532.841864833041,0.017019326165981834,0.0004017668723105371,42.36119834396678,1.7019326165981834,42.36119834396678
40.473445207317354,2.18983275,1532.841864833041,0.017071021327588917,0.0004017668723105371,42.489867891333354,1.7071021327588916,42.489867891333354
40.473546636642915,2.18983275,1532.832740529916,0.017074914956441024,0.0003998565377337867,42.702602921573394,1.7074914956441023,42.702602921573394
40.473648065968476,2.18983275,1532.832740529916,0.017267914999781652,0.00040370499671351913,42.773597404927514,1.7267914999781653,42.773597404927514
40.47374949529404,2.18983275,1532.823616226791,0.017198680990180553,0.0004017668723105371,42.807613507982815,1.7198680990180553,42.807613507982815
40.47385092461959,2.18983275,1532.823616226791,0.017061245390443004,0.0004017668723105371,42.4655355289121,1.7061245390443003,42.4655355289121
40.47395235394515,2.18983275,1532.814491923666,0.0171455684033144,0.00040370499671351815,42.470537999016734,1.71455684033144,42.470537999016734
40.47405378327071,2.18983275,1532.805367620541,0.016982091652302567,0.00039985653773378483,42.470461402356385,1.6982091652302567,42.470461402356385
40.47415521259627,2.18983275,1532.805367620541,0.017178509779907647,0.00040370499671351723,42.55213564299304,1.7178509779907647,42.55213564299304
40.47425664192183,2.18983275,1532.796243317416,0.017005397970224448,0.00039985653773378483,42.528748102016145,1.7005397970224447,42.528748102016145
40.474358071247394,2.18983275,1532.796243317416,0.016782609847189447,0.00039985653773378483,41.97157796220133,1.6782609847189447,41.97157796220133
40.47445950057295,2.18983275,1532.787119014291,0.01681255946386204,0.00039985653773378483,42.04647886751685,1.681255946386204,42.04647886751685
40.47456092989851,2.18983275,1532.777994711166,0.016734702901052584,0.0003979733358404289,42.0498093564804,1.6734702901052585,42.0498093564804
40.47466235922407,2.18983275,1532.777994711166,0.016855885532372848,0.00039985653773378483,42.15483290058172,1.6855885532372847,42.15483290058172
40.47476378854963,2.18983275,1532.768870408041,0.016956523023510136,0.00039985653773378483,42.406516896315935,1.6956523023510135,42.406516896315935
40.47486521787519,2.18983275,1532.759746104916,0.016824994788821185,0.00039985653773378483,42.07757833391454,1.6824994788821184,42.07757833391454
40.474966647200745,2.18983275,1532.7506218017909,0.016921851338453524,0.00039985653773378483,42.31980658452982,1.6921851338453524,42.31980658452982
40.475068076526306,2.18983275,1532.7506218017909,0.01679903616638873,0.0003979733358404289,42.211461556621614,1.679903616638873,42.211461556621614
40.475169505851866,2.18983275,1532.741497498666,0.01681119603139371,0.00039985653773378483,42.043069063400466,1.6811196031393711,42.043069063400466
40.47527093517743,2.18983275,1532.741497498666,0.017233680944351293,0.00039985653773378483,43.09966029822695,1.7233680944351293,43.09966029822695
40.47537236450299,2.18983275,1532.732373195541,0.017016383328388618,0.0004017668723105371,42.3538736046813,1.7016383328388618,42.3538736046813
40.47547379382854,2.18983275,1532.732373195541,0.017177921263708748,0.0004017668723105371,42.755942432285565,1.7177921263708749,42.755942432285565
40.4755752231541,2.18983275,1532.723248892416,0.017326818260483576,0.00040370499671351815,42.91950409714457,1.7326818260483576,42.91950409714457
40.47567665247966,2.18983275,1532.723248892416,0.01725006449032005,0.0004017668723105371,42.93550732820745,1.7250064490320052,42.93550732820745
40.475778081805224,2.18983275,1532.714124589291,0.01768210386601377,0.00040370499671351815,43.79956653982549,1.768210386601377,43.79956653982549
40.475879511130785,2.18983275,1532.705000286166,0.01743672599450525,0.00040567159058234304,42.98236898836018,1.7436725994505249,42.98236898836018
40.475980940456346,2.18983275,1532.705000286166,0.017328902489400735,0.00040370499671351815,42.924666849486314,1.7328902489400735,42.924666849486314
40.4760823697819,2.18983275,1532.695875983041,0.017713021550707902,0.00040766735705334746,43.449693099636555,1.7713021550707901,43.449693099636555
40.47618379910746,2.18983275,1532.695875983041,0.017344009253103438,0.00040370499671351815,42.96208715348474,1.7344009253103438,42.96208715348474
40.47628522843302,2.18983275,1532.686751679916,0.01748075260165126,0.00040370499671351815,43.300808124641954,1.748075260165126,43.300808124641954
40.47638665775858,2.18983275,1532.686751679916,0.017570656133508226,0.00040766735705334946,43.100473534379255,1.7570656133508227,43.100473534379255
40.47648808708414,2.18983275,1532.677627376791,0.017528906479810917,0.00040370499671351815,43.42008799125661,1.7528906479810917,43.42008799125661
40.476589516409696,2.18983275,1532.677627376791,0.0175301223581091,0.00040567159058234304,43.21259552078701,1.75301223581091,43.21259552078701
40.47669094573526,2.18983275,1532.668503073666,0.01728107992931056,0.00040370499671351815,42.806207676378506,1.728107992931056,42.806207676378506
40.47679237506082,2.18983275,1532.659378770541,0.01741221071109115,0.00040370499671351815,43.13102600374155,1.741221071109115,43.13102600374155
40.47689380438638,2.18983275,1532.659378770541,0.017391799893284446,0.00040766735705334946,42.66174269873775,1.7391799893284445,42.66174269873775
40.47699523371194,2.18983275,1532.650254467416,0.017468666047499817,0.00040370499671351913,43.270869049698916,1.7468666047499817,43.270869049698916
40.47709666303749,2.18983275,1532.641130164291,0.01758310206097905,0.00040766735705334946,43.13100314940849,1.7583102060979052,43.13100314940849
40.477198092363054,2.18983275,1532.641130164291,0.017515426832491864,0.00040567159058234304,43.17637034269125,1.7515426832491865,43.17637034269125
40.477299521688614,2.18983275,1532.632005861166,0.01759619791085457,0.000405671590582344,43.3754749392116,1.759619791085457,43.3754749392116
40.477400951014175,2.18983275,1532.622881558041,0.017806621771757875,0.00040969302381440144,43.463326775670474,1.7806621771757873,43.463326775670474
40.477502380339736,2.18983275,1532.613757254916,0.01767513320928265,0.00040567159058234304,43.570054249818014,1.767513320928265,43.570054249818014
40.4776038096653,2.18983275,1532.613757254916,0.01795067085418368,0.00040969302381440247,43.814929253751764,1.7950670854183681,43.814929253751764
40.47770523899085,2.18983275,1532.604632951791,0.01783819702579792,0.00040969302381440247,43.540397294826555,1.783819702579792,43.540397294826555
40.47780666831641,2.18983275,1532.604632951791,0.01790529606357644,0.000405671590582344,44.137416765796395,1.7905296063576441,44.137416765796395
40.47790809764197,2.18983275,1532.604632951791,0.017890435784087524,0.0004096930238144035,43.667904367813044,1.7890435784087524,43.667904367813044
40.47800952696753,2.18983275,1532.595508648666,0.018011849659019214,0.00040567159058234304,44.40007650810139,1.8011849659019215,44.40007650810139
40.478110956293094,2.18983275,1532.595508648666,0.01786030223882873,0.00040766735705334946,43.81096972768275,1.786030223882873,43.81096972768275
40.47821238561865,2.18983275,1532.586384345541,0.0179752253059559,0.00040969302381440247,43.8748630342775,1.79752253059559,43.8748630342775
40.47831381494421,2.18983275,1532.577260042416,0.01746853787084721,0.00040370499671351913,43.27055154891579,1.746853787084721,43.27055154891579
40.47841524426977,2.18983275,1532.577260042416,0.01761116395233003,0.00040766735705334946,43.19983841636195,1.761116395233003,43.19983841636195
40.47851667359533,2.18983275,1532.568135739291,0.01753221268581468,0.00040370499671352016,43.42827764962247,1.753221268581468,43.42827764962247
40.47861810292089,2.18983275,1532.559011436166,0.017527941571832982,0.0004076673570533505,42.99569555562709,1.7527941571832981,42.99569555562709
40.478719532246444,2.18983275,1532.559011436166,0.017703478554923005,0.00040766735705334946,43.4262843188748,1.7703478554923004,43.4262843188748
40.478820961572005,2.18983275,1532.549887133041,0.01748249591429238,0.00040370499671351913,43.305126408178864,1.748249591429238,43.305126408178864
40.478922390897566,2.18983275,1532.540762829916,0.017525103851645865,0.0004076673570533505,42.98873468388197,1.7525103851645865,42.98873468388197
40.47902382022313,2.18983275,1532.531638526791,0.01776119792629345,0.0004076673570533505,43.567868800368736,1.776119792629345,43.567868800368736
40.47912524954869,2.18983275,1532.540762829916,0.017486835194688553,0.000405671590582345,43.10589057909146,1.7486835194688553,43.10589057909146
40.47922667887425,2.18983275,1532.531638526791,0.017662230930550825,0.00040766735705334946,43.32510470844359,1.7662230930550824,43.32510470844359
40.4793281081998,2.18983275,1532.522514223666,0.017846929326884284,0.00040567159058234304,43.99353995004913,1.7846929326884284,43.99353995004913
40.47942953752536,2.18983275,1532.513389920541,0.017983783515966297,0.0004096930238144045,43.8957523575338,1.7983783515966296,43.8957523575338
40.47953096685092,2.18983275,1532.513389920541,0.018080398747816688,0.00040766735705334946,44.350862130593875,1.8080398747816688,44.350862130593875
40.479632396176484,2.18983275,1532.504265617416,0.017781617622173087,0.0004076673570533505,43.6179579123036,1.7781617622173087,43.6179579123036
40.479733825502045,2.18983275,1532.504265617416,0.018051282175159243,0.00040969302381440247,44.060506588798454,1.8051282175159242,44.060506588798454
40.4798352548276,2.18983275,1532.495141314291,0.01784558947393404,0.000405671590582344,43.99023714802554,1.784558947393404,43.99023714802554
40.47993668415316,2.18983275,1532.495141314291,0.01777964240495717,0.0004076673570533505,43.61311274336441,1.777964240495717,43.61311274336441
40.48003811347872,2.18983275,1532.486017011166,0.017689966704421977,0.00040370499671351913,43.81904323313415,1.7689966704421978,43.81904323313415
40.48013954280428,2.18983275,1532.476892708041,0.01758050225958065,0.00040567159058234304,43.336784403225714,1.758050225958065,43.336784403225714
40.48024097212984,2.18983275,1532.476892708041,0.017703020981578214,0.00040567159058234304,43.6387989510566,1.7703020981578215,43.6387989510566
40.480342401455395,2.18983275,1532.467768404916,0.017327954186226006,0.0004017668723105371,43.129375218454385,1.7327954186226007,43.129375218454385
40.480443830780956,2.18983275,1532.467768404916,0.017674871312741383,0.00040766735705335147,43.35611131707136,1.7674871312741383,43.35611131707136
40.48054526010652,2.18983275,1532.449519798666,0.01760194155164035,0.00040370499671351815,43.60099997506656,1.760194155164035,43.60099997506656
40.48064668943208,2.18983275,1532.449519798666,0.017551489576111204,0.00040370499671351815,43.47602759191583,1.7551489576111203,43.47602759191583
40.48074811875764,2.18983275,1532.440395495541,0.01750325966526022,0.00040370499671351815,43.35655938804514,1.7503259665260218,43.35655938804514
40.4808495480832,2.18983275,1532.440395495541,0.01777031775378183,0.00040370499671351815,44.01807730507782,1.777031775378183,44.01807730507782
40.48095097740875,2.18983275,1532.431271192416,0.017606633983023624,0.00040370499671351815,43.61262339172346,1.7606633983023625,43.61262339172346
40.481052406734314,2.18983275,1532.431271192416,0.017923668728872168,0.00040370499671351815,44.39793630196599,1.7923668728872169,44.39793630196599
40.481153836059875,2.18983275,1532.422146889291,0.017512745277919278,0.0004017668723105371,43.5893212827741,1.7512745277919277,43.5893212827741
40.481255265385435,2.18983275,1532.422146889291,0.017714417265994854,0.00040370499671351723,43.87960865038687,1.7714417265994855,43.87960865038687
40.481356694710996,2.18983275,1532.413022586166,0.01756994531629586,0.00039985653773378483,43.94062284406994,1.756994531629586,43.94062284406994
40.48145812403655,2.18983275,1532.403898283041,0.017587420424886,0.0004017668723105371,43.775188142670416,1.7587420424886,43.775188142670416
40.48155955336211,2.18983275,1532.403898283041,0.017956787069328205,0.00040370499671351815,44.47997229539101,1.7956787069328204,44.47997229539101
40.48166098268767,2.18983275,1532.394773979916,0.01763905695539224,0.00040370499671351815,43.692936919256105,1.763905695539224,43.692936919256105
40.48176241201323,2.18983275,1532.394773979916,0.017986735522742107,0.00040567159058234304,44.3381689531724,1.7986735522742108,44.3381689531724
40.48186384133879,2.18983275,1532.385649676791,0.017637956527202375,0.0004017668723105371,43.90097278495748,1.7637956527202374,43.90097278495748
40.48196527066435,2.18983275,1532.385649676791,0.01774657835079234,0.00040370499671351815,43.959273467664985,1.774657835079234,43.959273467664985
40.48206669998991,2.18983275,1532.376525373666,0.01785668579113035,0.00040370499671351815,44.232015794944495,1.785668579113035,44.232015794944495
40.48216812931547,2.18983275,1532.367401070541,0.017671937672162397,0.00040370499671351815,43.774384305436186,1.7671937672162397,43.774384305436186
40.48226955864103,2.18983275,1532.367401070541,0.01772267799577387,0.00040370499671351815,43.90007094301694,1.7722677995773868,43.90007094301694
40.48237098796659,2.18983275,1532.358276767416,0.017809353131723424,0.0004017668723105371,44.32757989553222,1.7809353131723424,44.32757989553222
40.48247241729215,2.18983275,1532.349152464291,0.01778536338197869,0.00040370499671351723,44.05534617298727,1.778536338197869,44.05534617298727
40.482573846617704,2.18983275,1532.349152464291,0.017997236097250662,0.00040370499671351815,44.58016681428907,1.7997236097250662,44.58016681428907
40.482675275943265,2.18983275,1532.340028161166,0.01797838289927985,0.00040567159058234304,44.31757933423885,1.797838289927985,44.31757933423885
40.482776705268826,2.18983275,1532.340028161166,0.017778133398913605,0.00040370499671351815,44.03743709798452,1.7778133398913605,44.03743709798452
40.48287813459439,2.18983275,1532.330903858041,0.017963868740805217,0.00040370499671351815,44.497513994242055,1.7963868740805218,44.497513994242055
40.48297956391995,2.18983275,1532.330903858041,0.017818172986141162,0.00040370499671351815,44.13661740923534,1.7818172986141163,44.13661740923534
40.4830809932455,2.18983275,1532.321779554916,0.017706606770555737,0.0004017668723105371,44.071843625946826,1.7706606770555737,44.071843625946826
40.48318242257106,2.18983275,1532.312655251791,0.017624830561417316,0.00040370499671351815,43.657697340626314,1.7624830561417317,43.657697340626314
40.48328385189662,2.18983275,1532.312655251791,0.017747330249622117,0.00040370499671351815,43.961135963388095,1.7747330249622117,43.961135963388095
40.48338528122218,2.18983275,1532.303530948666,0.017916704815950115,0.00040370499671351815,44.380686297683795,1.7916704815950115,44.380686297683795
40.483486710547744,2.18983275,1532.294406645541,0.017656525447320652,0.00040370499671351815,43.73620735700302,1.7656525447320652,43.73620735700302
40.483588139873305,2.18983275,1532.294406645541,0.017696061294680484,0.0004017668723105371,44.0455958773094,1.7696061294680483,44.0455958773094
40.48368956919886,2.18983275,1532.285282342416,0.017926085281027588,0.00040567159058234304,44.188663187615944,1.7926085281027588,44.188663187615944
40.48379099852442,2.18983275,1532.285282342416,0.01789432222107374,0.00040567159058234304,44.11036571574158,1.789432222107374,44.11036571574158
40.48389242784998,2.18983275,1532.276158039291,0.01802676233245345,0.00040567159058234304,44.43683696601965,1.8026762332453448,44.43683696601965
40.48399385717554,2.18983275,1532.276158039291,0.017876274221653967,0.00040567159058234304,44.06587652833296,1.7876274221653967,44.06587652833296
40.4840952865011,2.18983275,1532.267033736166,0.017722124626796027,0.00040176687231053805,44.110467657219004,1.7722124626796028,44.110467657219004
40.484196715826656,2.18983275,1532.257909433041,0.01752579218661454,0.00040370499671351815,43.412373711716526,1.7525792186614542,43.412373711716526
40.484298145152216,2.18983275,1532.257909433041,0.017490254378135686,0.0004017668723105371,43.53334130698802,1.7490254378135686,43.53334130698802
40.48439957447778,2.18983275,1532.248785129916,0.01756700281690183,0.0004017668723105371,43.72436860180894,1.7567002816901829,43.72436860180894
40.48450100380334,2.18983275,1532.239660826791,0.017628797632255912,0.00040567159058234304,43.455834821831395,1.7628797632255913,43.455834821831395
40.4846024331289,2.18983275,1532.239660826791,0.017445478556748342,0.0003998565377337867,43.62934430338876,1.7445478556748342,43.62934430338876
40.48470386245445,2.18983275,1532.230536523666,0.017752160273041225,0.00040567159058234304,43.75992967010072,1.7752160273041224,43.75992967010072
40.48480529178001,2.18983275,1532.230536523666,0.01753405194717477,0.00040370499671352016,43.432833603537,1.7534051947174771,43.432833603537
40.484906721105574,2.18983275,1532.221412220541,0.017751688679587947,0.00040370499671351815,43.97193203973422,1.7751688679587947,43.97193203973422
40.485008150431135,2.18983275,1532.221412220541,0.017623677571424995,0.00040567159058234304,43.443213625401135,1.7623677571424996,43.443213625401135
40.485109579756696,2.18983275,1532.212287917416,0.017496963085071378,0.00040176687231053805,43.55003931620184,1.7496963085071378,43.55003931620184
40.485211009082256,2.18983275,1532.203163614291,0.017623174552939404,0.000405671590582344,43.44197366061851,1.7623174552939405,43.44197366061851
40.48531243840781,2.18983275,1532.203163614291,0.01749509238169168,0.0004037049967135211,43.33632856693776,1.749509238169168,43.33632856693776
40.48541386773337,2.18983275,1532.194039311166,0.01779213776699264,0.000405671590582344,43.85847611722556,1.779213776699264,43.85847611722556
40.48551529705893,2.18983275,1532.184915008041,0.017727335878466834,0.00040766735705334946,43.48480586378405,1.7727335878466834,43.48480586378405
40.48561672638449,2.18983275,1532.184915008041,0.0177089126286394,0.00040370499671351913,43.86597335382044,1.7708912628639402,43.86597335382044
40.48571815571005,2.18983275,1532.175790704916,0.01764619849296262,0.0004076673570533505,43.28577745471365,1.7646198492962621,43.28577745471365
40.48581958503561,2.18983275,1532.175790704916,0.017760335907234803,0.000405671590582345,43.780083001966425,1.7760335907234803,43.780083001966425
40.48592101436117,2.18983275,1532.166666401791,0.017250157025354502,0.0003998565377337867,43.14086527913462,1.7250157025354502,43.14086527913462
40.48602244368673,2.18983275,1532.166666401791,0.017700264962390685,0.00040766735705334946,43.418401439667726,1.7700264962390684,43.418401439667726
40.48612387301229,2.18983275,1532.157542098666,0.017625922116488647,0.00040370499671352016,43.6604011839776,1.7625922116488648,43.6604011839776
40.48622530233785,2.18983275,1532.148417795541,0.017582433293955643,0.000405671590582344,43.341544495920836,1.7582433293955642,43.341544495920836
40.486326731663404,2.18983275,1532.148417795541,0.017662951144883716,0.000405671590582344,43.54002487462443,1.7662951144883716,43.54002487462443
40.486428160988964,2.18983275,1532.139293492416,0.017357439019809382,0.0004017668723105371,43.20276313471988,1.7357439019809382,43.20276313471988
40.486529590314525,2.18983275,1532.139293492416,0.01760208882391081,0.00040567159058234304,43.38999632348656,1.7602088823910809,43.38999632348656
40.486631019640086,2.18983275,1532.1301691892909,0.017286270275688364,0.000401766872310539,43.02562373118516,1.7286270275688365,43.02562373118516
40.48673244896565,2.18983275,1532.121044886166,0.01745806201225641,0.00040766735705335147,42.82428237189389,1.745806201225641,42.82428237189389
40.48683387829121,2.18983275,1532.121044886166,0.01734561562508326,0.000405671590582344,42.75777754164034,1.7345615625083262,42.75777754164034
40.48693530761676,2.18983275,1532.111920583041,0.01699674091022856,0.00039985653773378483,42.507097686982405,1.6996740910228558,42.507097686982405
40.48703673694232,2.18983275,1532.111920583041,0.017195326290109177,0.00040567159058234304,42.387307095932506,1.7195326290109176,42.387307095932506
40.48713816626788,2.18983275,1532.102796279916,0.016883026226796303,0.00039985653773378575,42.22270898078098,1.6883026226796303,42.22270898078098
40.487239595593444,2.18983275,1532.102796279916,0.016989794761549718,0.000405671590582345,41.88066198365215,1.698979476154972,41.88066198365215
40.487341024919004,2.18983275,1532.093671976791,0.017197075465136547,0.000405671590582344,42.39161889658095,1.7197075465136547,42.39161889658095
40.48744245424456,2.18983275,1532.084547673666,0.016987214866320956,0.0004017668723105371,42.28127313889397,1.6987214866320957,42.28127313889397
40.48754388357012,2.18983275,1532.084547673666,0.017121738090756105,0.00040567159058234304,42.20590864195786,1.7121738090756105,42.20590864195786
40.48764531289568,2.18983275,1532.075423370541,0.01720865902782898,0.00040370499671351815,42.62681702708968,1.720865902782898,42.62681702708968
40.48774674222124,2.18983275,1532.066299067416,0.016866806961093113,0.00040370499671351815,41.78003021612916,1.6866806961093113,41.78003021612916
40.4878481715468,2.18983275,1532.066299067416,0.017159784505200327,0.00040567159058234304,42.299694885134535,1.7159784505200326,42.299694885134535
40.487949600872355,2.18983275,1532.057174764291,0.01680750523830814,0.00039985653773378483,42.03383877018959,1.680750523830814,42.03383877018959
40.488051030197916,2.18983275,1532.048050461166,0.016825676305685086,0.00040370499671351815,41.678147267582915,1.6825676305685087,41.678147267582915
40.48815245952348,2.18983275,1532.048050461166,0.016971096582890817,0.0004017668723105371,42.241154640976404,1.6971096582890817,42.241154640976404
40.48825388884904,2.18983275,1532.038926158041,0.01653436767410991,0.00039985653773378483,41.350749865988455,1.653436767410991,41.350749865988455
40.4883553181746,2.18983275,1532.038926158041,0.016760927926305638,0.0004017668723105371,41.71804367521531,1.6760927926305638,41.71804367521531
40.48845674750016,2.18983275,1532.029801854916,0.01673032246206536,0.00039985653773378483,41.84081259965298,1.6730322462065361,41.84081259965298
40.48855817682571,2.18983275,1532.029801854916,0.01683913174835724,0.00040370499671351815,41.711477156441596,1.6839131748357241,41.711477156441596
40.48865960615127,2.18983275,1532.020677551791,0.016921048775294007,0.0004017668723105371,42.11658536698677,1.6921048775294008,42.11658536698677
40.488761035476834,2.18983275,1532.011553248666,0.016730253574717545,0.0004017668723105371,41.64169504196019,1.6730253574717544,41.64169504196019
40.488862464802395,2.18983275,1532.002428945541,0.016823066494612883,0.0004017668723105371,41.872706920469675,1.6823066494612884,41.872706920469675
40.488963894127956,2.18983275,1532.002428945541,0.016986182185002044,0.00039985653773378483,42.48069140315282,1.6986182185002043,42.48069140315282
40.48906532345351,2.18983275,1531.993304642416,0.016909009452266897,0.0004017668723105371,42.08661942440451,1.6909009452266897,42.08661942440451
40.48916675277907,2.18983275,1531.993304642416,0.01698824518007062,0.00039985653773378483,42.4858507412501,1.698824518007062,42.4858507412501
40.48926818210463,2.18983275,1531.984180339291,0.016799807859338295,0.00039985653773378483,42.014588418517285,1.6799807859338296,42.014588418517285
40.48936961143019,2.18983275,1531.984180339291,0.017234423694657375,0.00040370499671351815,42.69063755702649,1.7234423694657375,42.69063755702649
40.48947104075575,2.18983275,1531.975056036166,0.017173439363656225,0.0004017668723105371,42.744786957901255,1.7173439363656224,42.744786957901255
40.489572470081306,2.18983275,1531.965931733041,0.01702496825119463,0.00040370499671351815,42.1718046340558,1.702496825119463,42.1718046340558
40.48967389940687,2.18983275,1531.965931733041,0.017347655984322082,0.00040370499671351815,42.971120311975056,1.7347655984322081,42.971120311975056
40.48977532873243,2.18983275,1531.956807429916,0.017039549215361167,0.00040567159058234304,42.003309107499575,1.7039549215361167,42.003309107499575
40.48987675805799,2.18983275,1531.956807429916,0.01727625838518833,0.000405671590582342,42.58680860641052,1.7276258385188328,42.58680860641052
40.48997818738355,2.18983275,1531.947683126791,0.01704342836584595,0.00040370499671351815,42.21753137710234,1.704342836584595,42.21753137710234
40.49007961670911,2.18983275,1531.947683126791,0.017143401055717235,0.00040567159058234304,42.25930889345202,1.7143401055717236,42.25930889345202
40.490181046034664,2.18983275,1531.938558823666,0.017339586914123885,0.00040567159058234304,42.74291647890069,1.7339586914123886,42.74291647890069
40.490282475360225,2.18983275,1531.929434520541,0.017078230135434087,0.000405671590582342,42.09865943759648,1.7078230135434087,42.09865943759648
40.490383904685785,2.18983275,1531.929434520541,0.017271739965430365,0.00040766735705334946,42.3672380596568,1.7271739965430366,42.3672380596568
40.490485334011346,2.18983275,1531.920310217416,0.017300285118878267,0.00040567159058234304,42.64603566161398,1.7300285118878267,42.64603566161398
40.49058676333691,2.18983275,1531.920310217416,0.01720714598124184,0.00040766735705334946,42.20879028827914,1.720714598124184,42.20879028827914
40.49068819266246,2.18983275,1531.911185914291,0.017563960281140167,0.00040766735705334946,43.08404874035979,1.7563960281140167,43.08404874035979
40.49078962198802,2.18983275,1531.902061611166,0.017348260066832353,0.00040969302381440247,42.34453373238641,1.7348260066832353,42.34453373238641
40.49089105131358,2.18983275,1531.902061611166,0.01731258759359762,0.00040766735705334946,42.46743648727314,1.731258759359762,42.46743648727314
40.49099248063914,2.18983275,1531.892937308041,0.017314443415484652,0.00040766735705334946,42.47198878182144,1.7314443415484653,42.47198878182144
40.491093909964704,2.18983275,1531.883813004916,0.017054489176118456,0.00040766735705334946,41.83432615107964,1.7054489176118455,41.83432615107964
40.49119533929026,2.18983275,1531.874688701791,0.01744500714354709,0.00040969302381440247,42.58067901944544,1.7445007143547089,42.58067901944544
40.49129676861582,2.18983275,1531.874688701791,0.017399949728190086,0.00040969302381440247,42.47070054107766,1.7399949728190085,42.47070054107766
40.49139819794138,2.18983275,1531.865564398666,0.017440174564621356,0.00040766735705334946,42.78040481504396,1.7440174564621356,42.78040481504396
40.49149962726694,2.18983275,1531.865564398666,0.017552242851371,0.00040766735705334946,43.055306115848815,1.7552242851371,43.055306115848815
40.4916010565925,2.18983275,1531.856440095541,0.017546726576087256,0.0004096930238144035,42.82896109072182,1.7546726576087257,42.82896109072182
40.49170248591806,2.18983275,1531.856440095541,0.017799993927205632,0.0004096930238144035,43.44714918863073,1.7799993927205633,43.44714918863073
40.491803915243615,2.18983275,1531.8473157924159,0.01757243923787764,0.00040969302381440247,42.89172189038356,1.757243923787764,42.89172189038356
40.491905344569176,2.18983275,1531.838191489291,0.017440636675600835,0.00040567159058234304,42.99200900552276,1.7440636675600834,42.99200900552276
40.49200677389474,2.18983275,1531.838191489291,0.017749085135645905,0.0004076673570533485,43.53815636340785,1.7749085135645906,43.53815636340785
40.4921082032203,2.18983275,1531.829067186166,0.01741831745911187,0.00040766735705335147,42.72678976558904,1.741831745911187,42.72678976558904
40.49220963254586,2.18983275,1531.829067186166,0.017582951425759667,0.000405671590582344,43.342821715760856,1.7582951425759668,43.342821715760856
40.49231106187141,2.18983275,1531.819942883041,0.01739897686462758,0.00040567159058234304,42.88931556595148,1.7398976864627582,42.88931556595148
40.49241249119697,2.18983275,1531.810818579916,0.017425440029542258,0.00040370499671352016,43.16379577017675,1.7425440029542258,43.16379577017675
40.49251392052253,2.18983275,1531.810818579916,0.01775782278419062,0.000405671590582344,43.773888032679736,1.7757822784190622,43.773888032679736
40.492615349848094,2.18983275,1531.801694276791,0.01786951897043132,0.0004096930238144035,43.61684952323341,1.786951897043132,43.61684952323341
40.492716779173655,2.18983275,1531.801694276791,0.017630735268174963,0.00040370499671352016,43.67232363162005,1.7630735268174962,43.67232363162005
40.49281820849921,2.18983275,1531.792569973666,0.017418087541636346,0.00040567159058234304,42.936424304774754,1.7418087541636345,42.936424304774754
40.49291963782477,2.18983275,1531.792569973666,0.01780737511091375,0.0004076673570533505,43.681140525026976,1.780737511091375,43.681140525026976
40.49302106715033,2.18983275,1531.783445670541,0.017649063125572795,0.000405671590582344,43.50579023844745,1.7649063125572795,43.50579023844745
40.49312249647589,2.18983275,1531.783445670541,0.01768394818147541,0.0004076673570533505,43.37837669735512,1.7683948181475408,43.37837669735512
40.49322392580145,2.18983275,1531.774321367416,0.01758110805063236,0.00040370499671351913,43.549394220424844,1.7581108050632361,43.549394220424844
40.49332535512701,2.18983275,1531.765197064291,0.017610384075750593,0.0004076673570533485,43.197925394468236,1.7610384075750594,43.197925394468236
40.493426784452566,2.18983275,1531.765197064291,0.01753621648073851,0.000405671590582344,43.227617826442234,1.753621648073851,43.227617826442234
40.49352821377813,2.18983275,1531.756072761166,0.01764320033979058,0.000405671590582345,43.49133818925702,1.764320033979058,43.49133818925702
40.49362964310369,2.18983275,1531.746948458041,0.017591750288660862,0.0004076673570533505,43.15221708163077,1.7591750288660863,43.15221708163077
40.49373107242925,2.18983275,1531.746948458041,0.017295647941580464,0.00040176687231053805,43.048964794220566,1.7295647941580463,43.048964794220566
40.49383250175481,2.18983275,1531.737824154916,0.017218990484929492,0.00040370499671351913,42.65240862784909,1.7218990484929493,42.65240862784909
40.49393393108036,2.18983275,1531.737824154916,0.017331972215608334,0.00040370499671351815,42.93227073408668,1.7331972215608333,42.93227073408668
40.494035360405924,2.18983275,1531.728699851791,0.01706713451953812,0.00039985653773378575,42.68314485056883,1.7067134519538119,42.68314485056883
40.494136789731485,2.18983275,1531.728699851791,0.01740218159437885,0.000405671590582344,42.8972153790654,1.7402181594378852,42.8972153790654
40.494238219057046,2.18983275,1531.719575548666,0.01712252672328935,0.00040176687231053805,42.618065110293166,1.712252672328935,42.618065110293166
40.494339648382606,2.18983275,1531.710451245541,0.01732523947549771,0.00040567159058234304,42.70754935199496,1.732523947549771,42.70754935199496
40.49444107770816,2.18983275,1531.701326942416,0.017267322390128445,0.00040370499671351815,42.7721294774607,1.7267322390128446,42.7721294774607
40.49454250703372,2.18983275,1531.701326942416,0.01724142717936669,0.0004017668723105371,42.91400901276972,1.7241427179366688,42.91400901276972
40.49464393635928,2.18983275,1531.692202639291,0.017387989430467193,0.00040567159058234304,42.86223101180605,1.7387989430467192,42.86223101180605
40.49474536568484,2.18983275,1531.692202639291,0.01724517889900993,0.0004017668723105371,42.923347064017356,1.724517889900993,42.923347064017356
40.4948467950104,2.18983275,1531.683078336166,0.01762272744431163,0.000405671590582342,43.44087151632725,1.762272744431163,43.44087151632725
40.494948224335964,2.18983275,1531.673954033041,0.017281065131245332,0.0004017668723105371,43.012668097454046,1.7281065131245332,43.012668097454046
40.49504965366152,2.18983275,1531.673954033041,0.01732877735569797,0.0004017668723105371,43.13142409188995,1.732877735569797,43.13142409188995
40.49515108298708,2.18983275,1531.664829729916,0.017047784196801474,0.00039985653773378483,42.63475168724512,1.7047784196801474,42.63475168724512
40.49525251231264,2.18983275,1531.664829729916,0.017117136327983794,0.0003979733358404289,43.01076174321153,1.7117136327983795,43.01076174321153
40.4953539416382,2.18983275,1531.655705426791,0.017177625291395972,0.00039985653773378483,42.959470886111745,1.7177625291395973,42.959470886111745
40.49545537096376,2.18983275,1531.646581123666,0.017250918354782555,0.00039985653773378483,43.14276928558766,1.7250918354782554,43.14276928558766
40.495556800289314,2.18983275,1531.646581123666,0.017254302960814785,0.00039985653773378483,43.15123383652738,1.7254302960814785,43.15123383652738
40.495658229614875,2.18983275,1531.646581123666,0.01731285525484548,0.0004017668723105361,43.091793893509276,1.731285525484548,43.091793893509276
40.495759658940436,2.18983275,1531.637456820541,0.017315485597488568,0.00039985653773378483,43.30424530664249,1.7315485597488567,43.30424530664249
40.495861088266,2.18983275,1531.628332517416,0.017220320818465737,0.00039985653773378483,43.06624800000301,1.7220320818465737,43.06624800000301
40.49596251759156,2.18983275,1531.619208214291,0.017477427337634882,0.0004017668723105371,43.50141473119287,1.7477427337634883,43.50141473119287
40.49606394691712,2.18983275,1531.619208214291,0.017242222641765753,0.00039985653773378483,43.12102220333139,1.7242222641765754,43.12102220333139
40.49616537624267,2.18983275,1531.619208214291,0.017547727140053402,0.00040370499671351815,43.4667078260263,1.7547727140053402,43.4667078260263
40.49626680556823,2.18983275,1531.610083911166,0.017632888990305517,0.0004017668723105371,43.88835965718088,1.7632888990305517,43.88835965718088
40.496368234893794,2.18983275,1531.600959608041,0.017200371523889178,0.0004017668723105371,42.81182125587129,1.7200371523889177,42.81182125587129
40.496469664219354,2.18983275,1531.600959608041,0.017373321112607868,0.00039985653773378483,43.44888597063435,1.737332111260787,43.44888597063435
40.496571093544915,2.18983275,1531.591835304916,0.017351855732907536,0.0004017668723105371,43.18886630228635,1.7351855732907535,43.18886630228635
40.49667252287047,2.18983275,1531.582711001791,0.01772196270857478,0.00040567159058234304,43.68549121996647,1.7721962708574779,43.68549121996647
40.49677395219603,2.18983275,1531.582711001791,0.01764155583911293,0.0004017668723105371,43.90993149250312,1.7641555839112932,43.90993149250312
40.49687538152159,2.18983275,1531.573586698666,0.01736361342619338,0.0004017668723105371,43.21813126686201,1.7363613426193378,43.21813126686201
40.49697681084715,2.18983275,1531.573586698666,0.01776286470675603,0.00040370499671351815,43.999615688088994,1.7762864706756027,43.999615688088994
40.49707824017271,2.18983275,1531.5644623955409,0.01759584890736799,0.00040370499671351815,43.585908152270314,1.759584890736799,43.585908152270314
40.497179669498266,2.18983275,1531.555338092416,0.017811997583753188,0.00040567159058234304,43.90743152160101,1.7811997583753187,43.90743152160101
40.49728109882383,2.18983275,1531.555338092416,0.018028402800442184,0.00040567159058234304,44.44088079858475,1.8028402800442183,44.44088079858475
40.49738252814939,2.18983275,1531.546213789291,0.01771236219032327,0.00040370499671351815,43.87451811227525,1.771236219032327,43.87451811227525
40.49748395747495,2.18983275,1531.546213789291,0.01810522514784184,0.00040567159058234304,44.63025158318758,1.810522514784184,44.63025158318758
40.49758538680051,2.18983275,1531.537089486166,0.01819072934976532,0.00040969302381440144,44.40087649138507,1.819072934976532,44.40087649138507
40.49768681612607,2.18983275,1531.537089486166,0.01800150839405447,0.00040766735705334946,44.157345646143305,1.8001508394054468,44.157345646143305
40.49778824545162,2.18983275,1531.527965183041,0.01826479383785696,0.00040766735705334946,44.80317965577689,1.8264793837856959,44.80317965577689
40.497889674777184,2.18983275,1531.518840879916,0.018073563596853512,0.00040766735705334946,44.33409563986334,1.8073563596853512,44.33409563986334
40.497991104102745,2.18983275,1531.509716576791,0.01819726856404173,0.0004076673570533505,44.63754148866104,1.8197268564041729,44.63754148866104
40.498092533428306,2.18983275,1531.509716576791,0.018107401602844277,0.00040766735705334946,44.41709960229817,1.8107401602844277,44.41709960229817
40.49819396275387,2.18983275,1531.500592273666,0.018167638474016794,0.00040766735705334946,44.56485946123786,1.8167638474016794,44.56485946123786
40.49829539207942,2.18983275,1531.491467970541,0.018402731502795446,0.00040766735705334946,45.14153803191844,1.8402731502795446,45.14153803191844
40.49839682140498,2.18983275,1531.491467970541,0.01823040797449109,0.00040766735705334946,44.718831809988075,1.823040797449109,44.718831809988075
40.49849825073054,2.18983275,1531.491467970541,0.018604542964615934,0.0004096930238144035,45.41093424388902,1.8604542964615933,45.41093424388902
40.4985996800561,2.18983275,1531.482343667416,0.018545937299653,0.00040969302381440247,45.26788649458334,1.8545937299653,45.26788649458334
40.49870110938166,2.18983275,1531.473219364291,0.018448488968349667,0.00040766735705334946,45.25378019397173,1.8448488968349668,45.25378019397173
40.49880253870722,2.18983275,1531.473219364291,0.018734597327183557,0.0004076673570533485,45.95559836480088,1.8734597327183558,45.95559836480088
40.49890396803278,2.18983275,1531.464095061166,0.018929181786383267,0.00041174934421815316,45.9725851472254,1.8929181786383267,45.9725851472254
40.49900539735834,2.18983275,1531.464095061166,0.01878310158063293,0.0004076673570533505,46.0745783434773,1.878310158063293,46.0745783434773
40.4991068266839,2.18983275,1531.454970758041,0.018841520171948938,0.0004117493442181542,45.75968471237266,1.8841520171948938,45.75968471237266
40.49920825600946,2.18983275,1531.454970758041,0.0185201415107722,0.0004076673570533485,45.42954246971656,1.85201415107722,45.42954246971656
40.49930968533502,2.18983275,1531.445846454916,0.0186245202319744,0.0004076673570533505,45.68558141763862,1.86245202319744,45.68558141763862
40.499411114660575,2.18983275,1531.436722151791,0.01865314123994519,0.0004096930238144035,45.52955543708578,1.865314123994519,45.52955543708578
40.499512543986135,2.18983275,1531.436722151791,0.01837280070112574,0.000405671590582344,45.28983820324088,1.837280070112574,45.28983820324088
40.499613973311696,2.18983275,1531.427597848666,0.018621910886784537,0.00040969302381440247,45.453326769900194,1.8621910886784536,45.453326769900194
40.49971540263726,2.18983275,1531.427597848666,0.018437821719639133,0.00040766735705334946,45.22761364291982,1.8437821719639134,45.22761364291982
40.49981683196282,2.18983275,1531.418473545541,0.01865114725135916,0.0004076673570533505,45.75089697191116,1.865114725135916,45.75089697191116
40.49991826128837,2.18983275,1531.409349242416,0.01853285866045527,0.0004096930238144035,45.23596347310738,1.853285866045527,45.23596347310738
40.50001969061393,2.18983275,1531.409349242416,0.018492782758598326,0.00040567159058234304,45.58559975090163,1.8492782758598325,45.58559975090163
40.50012111993949,2.18983275,1531.400224939291,0.018332359533648115,0.0004076673570533505,44.96891697720355,1.8332359533648115,44.96891697720355
40.500222549265054,2.18983275,1531.400224939291,0.018179399575863776,0.00040567159058234304,44.81309511905229,1.8179399575863775,44.81309511905229
40.500323978590615,2.18983275,1531.391100636166,0.018483795508997744,0.000405671590582344,45.56344574798581,1.8483795508997745,45.56344574798581
40.50042540791617,2.18983275,1531.381976333041,0.018352598478883583,0.0004076673570533505,45.0185627113672,1.8352598478883584,45.0185627113672
40.50052683724173,2.18983275,1531.381976333041,0.018151910096594604,0.00040176687231053805,45.18020610361432,1.8151910096594603,45.18020610361432
40.50062826656729,2.18983275,1531.372852029916,0.018091930616173948,0.000405671590582344,44.59747992262133,1.8091930616173948,44.59747992262133
40.50072969589285,2.18983275,1531.372852029916,0.01833016631668269,0.00040766735705334946,44.96353705917128,1.833016631668269,44.96353705917128
40.50083112521841,2.18983275,1531.363727726791,0.018122255173102057,0.00040370499671351815,44.88984610205898,1.8122255173102058,44.88984610205898
40.50093255454397,2.18983275,1531.354603423666,0.01797966034139973,0.00040370499671351815,44.536630677768564,1.797966034139973,44.536630677768564
40.501033983869526,2.18983275,1531.354603423666,0.01798116300792166,0.0004017668723105371,44.75521564163087,1.7981163007921661,44.75521564163087
40.50113541319509,2.18983275,1531.345479120541,0.018053665174126807,0.000405671590582344,44.50315376585938,1.8053665174126807,44.50315376585938
40.50123684252065,2.18983275,1531.336354817416,0.018048302023116393,0.00040567159058234304,44.48993334043429,1.8048302023116394,44.48993334043429
40.50133827184621,2.18983275,1531.336354817416,0.017990403420520877,0.00040176687231053805,44.77821508044978,1.7990403420520877,44.77821508044978
40.50143970117177,2.18983275,1531.327230514291,0.0178880113750809,0.00040370499671351815,44.309611029597434,1.78880113750809,44.309611029597434
40.50154113049732,2.18983275,1531.327230514291,0.01773811904177464,0.00039985653773378483,44.36120800301698,1.773811904177464,44.36120800301698
40.50164255982288,2.18983275,1531.318106211166,0.017831477086785348,0.00040370499671351815,44.16957241537223,1.7831477086785348,44.16957241537223
40.501743989148444,2.18983275,1531.318106211166,0.017836238146048403,0.00040370499671351815,44.181365827150174,1.7836238146048404,44.181365827150174
40.501845418474005,2.18983275,1531.308981908041,0.017636290836856364,0.00039985653773378575,44.106546154806544,1.7636290836856365,44.106546154806544
40.501946847799566,2.18983275,1531.299857604916,0.017655018865592318,0.00040370499671351815,43.73247546926172,1.7655018865592318,43.73247546926172
40.50204827712512,2.18983275,1531.299857604916,0.01749349371899732,0.0003979733358404289,43.956446685190734,1.749349371899732,43.956446685190734
40.50214970645068,2.18983275,1531.290733301791,0.017567192037077083,0.0004017668723105371,43.7248395718871,1.7567192037077084,43.7248395718871
40.50225113577624,2.18983275,1531.290733301791,0.0176955202623832,0.00040370499671351815,43.832799708794546,1.7695520262383202,43.832799708794546
40.5023525651018,2.18983275,1531.281608998666,0.017459655135375073,0.00039985653773378483,43.66479846579201,1.7459655135375074,43.66479846579201
40.50245399442736,2.18983275,1531.272484695541,0.017500250801748024,0.00040370499671351815,43.34910626376705,1.7500250801748023,43.34910626376705
40.50255542375292,2.18983275,1531.272484695541,0.01753326033631678,0.0004017668723105371,43.64038337826126,1.7533260336316778,43.64038337826126
40.50265685307848,2.18983275,1531.263360392416,0.0174560906849841,0.0004017668723105371,43.44830768299829,1.74560906849841,43.44830768299829
40.50275828240404,2.18983275,1531.254236089291,0.0175058101555176,0.00040370499671351815,43.36287709597084,1.7505810155517598,43.36287709597084
40.5028597117296,2.18983275,1531.245111786166,0.01733667714656993,0.00039985653773378483,43.357243187336074,1.7336677146569932,43.357243187336074
40.50296114105516,2.18983275,1531.245111786166,0.01731810549998638,0.0004017668723105371,43.104861783130595,1.7318105499986378,43.104861783130595
40.50306257038072,2.18983275,1531.245111786166,0.017485564421500257,0.0004017668723105371,43.521667978601194,1.7485564421500257,43.521667978601194
40.503163999706274,2.18983275,1531.235987483041,0.01753905293304997,0.0004017668723105371,43.65480118403972,1.753905293304997,43.65480118403972
40.503265429031835,2.18983275,1531.226863179916,0.017600454674107684,0.00040370499671351815,43.59731689572702,1.7600454674107684,43.59731689572702
40.503366858357396,2.18983275,1531.226863179916,0.017470787787090106,0.0003979733358404289,43.89939278267421,1.7470787787090107,43.89939278267421
40.503468287682956,2.18983275,1531.217738876791,0.017690320737158444,0.00040370499671351815,43.81992019214975,1.7690320737158445,43.81992019214975
40.50356971700852,2.18983275,1531.208614573666,0.01773882444785329,0.00040370499671351815,43.940066613644916,1.773882444785329,43.940066613644916
40.50367114633407,2.18983275,1531.208614573666,0.01763249723343307,0.0004017668723105371,43.88738457212671,1.7632497233433069,43.88738457212671
40.50377257565963,2.18983275,1531.199490270541,0.017574736622617493,0.00040370499671351815,43.53361183460675,1.7574736622617493,43.53361183460675
40.50387400498519,2.18983275,1531.199490270541,0.01790361634237132,0.00040370499671351815,44.34826541192477,1.790361634237132,44.34826541192477
40.50397543431075,2.18983275,1531.190365967416,0.017751234973614787,0.00040370499671351815,43.97080818450118,1.7751234973614787,43.97080818450118
40.504076863636314,2.18983275,1531.190365967416,0.017898459988295517,0.00040370499671351815,44.33549283264589,1.7898459988295516,44.33549283264589
40.504178292961875,2.18983275,1531.181241664291,0.01772172432761835,0.00040370499671351815,43.89770865331708,1.7721724327618351,43.89770865331708
40.50427972228743,2.18983275,1531.181241664291,0.01782408931040368,0.00040567159058234304,43.93723820989568,1.782408931040368,43.93723820989568
40.50438115161299,2.18983275,1531.172117361166,0.01793332368954899,0.00040370499671351815,44.4218521830064,1.7933323689548988,44.4218521830064
40.50448258093855,2.18983275,1531.162993058041,0.01772576530433382,0.00040567159058234304,43.69486480157119,1.772576530433382,43.69486480157119
40.50458401026411,2.18983275,1531.162993058041,0.018059296946886245,0.00040567159058234304,44.517036356827596,1.8059296946886245,44.517036356827596
40.50468543958967,2.18983275,1531.153868754916,0.017567375433903295,0.00040370499671351815,43.515377755826144,1.7567375433903294,43.515377755826144
40.504786868915225,2.18983275,1531.153868754916,0.017868367292812215,0.0004076673570533485,43.830753146305774,1.7868367292812215,43.830753146305774
40.504888298240786,2.18983275,1531.144744451791,0.01763026223789324,0.00040176687231053805,43.881821655684604,1.763026223789324,43.881821655684604
40.50498972756635,2.18983275,1531.135620148666,0.017187526302073448,0.0004017668723105361,42.77984942668135,1.7187526302073448,42.77984942668135
40.50509115689191,2.18983275,1531.135620148666,0.017480660803755845,0.0004017668723105371,43.50946284651499,1.7480660803755845,43.50946284651499
40.50519258621747,2.18983275,1531.126495845541,0.017321141338234532,0.00040370499671351913,42.90544204119951,1.7321141338234531,42.90544204119951
40.50529401554302,2.18983275,1531.126495845541,0.017545803218979528,0.00040567159058234304,43.25124959771638,1.7545803218979528,43.25124959771638
40.50539544486858,2.18983275,1531.108247239291,0.018089272392061918,0.0004138370984576286,43.71109419498798,1.8089272392061917,43.71109419498798
40.505496874194144,2.18983275,1531.108247239291,0.017922121138337275,0.00041174934421815316,43.5267751849576,1.7922121138337275,43.5267751849576
40.505598303519704,2.18983275,1531.099122936166,0.018577587307803137,0.0004181101709411235,44.432277899355746,1.8577587307803136,44.432277899355746
40.505699732845265,2.18983275,1531.089998633041,0.018719585246139425,0.0004247767254142953,44.06923479124651,1.8719585246139425,44.06923479124651
40.505801162170826,2.18983275,1531.089998633041,0.018708577843342154,0.00042029719531146587,44.51273539781286,1.8708577843342153,44.51273539781286
40.50590259149638,2.18983275,1531.080874329916,0.0190460188758898,0.0004247767254142964,44.83771764404863,1.9046018875889799,44.83771764404863
40.50600402082194,2.18983275,1531.080874329916,0.018911140784551545,0.0004225190686289882,44.75807647194574,1.8911140784551546,44.75807647194574
40.5061054501475,2.18983275,1531.071750026791,0.01904088920479176,0.0004247767254142964,44.82564148546664,1.9040889204791758,44.82564148546664
40.50620687947306,2.18983275,1531.071750026791,0.018881328139686546,0.00042251906862898596,44.68751718343449,1.8881328139686546,44.68751718343449
40.50630830879862,2.18983275,1531.062625723666,0.019127883599358426,0.0004270711356484116,44.78851882676882,1.9127883599358426,44.78851882676882
40.50640973812418,2.18983275,1531.053501420541,0.019681750638413053,0.0004317742842889826,45.58342484621024,1.9681750638413054,45.58342484621024
40.50651116744974,2.18983275,1531.053501420541,0.019447066528569982,0.0004294033065216282,45.28858123171083,1.9447066528569983,45.28858123171083
40.5066125967753,2.18983275,1531.044377117416,0.019579478378548697,0.0004294033065216282,45.596943668533484,1.9579478378548696,45.596943668533484
40.50671402610086,2.18983275,1531.044377117416,0.019692613203413048,0.0004317742842889826,45.60858281738928,1.9692613203413047,45.60858281738928
40.50681545542642,2.18983275,1531.035252814291,0.020072920154162885,0.00043663705279162597,45.971637143085474,2.0072920154162883,45.971637143085474
40.50691688475197,2.18983275,1531.026128511166,0.02044738051584729,0.0004391311497120467,46.56326596110373,2.044738051584729,46.56326596110373
40.507018314077534,2.18983275,1531.026128511166,0.020212291862134676,0.00043663705279162597,46.290830640478156,2.0212291862134677,46.290830640478156
40.507119743403095,2.18983275,1531.017004208041,0.020493644949620356,0.00043913114971204793,46.66862044074688,2.0493644949620355,46.66862044074688
40.507221172728656,2.18983275,1531.007879904916,0.021072266649829176,0.00045227927777788255,46.59127155539925,2.1072266649829174,46.59127155539925
40.50732260205422,2.18983275,1531.007879904916,0.020973249801190127,0.00044687913141948875,46.93271250901708,2.0973249801190126,46.93271250901708
40.50742403137978,2.18983275,1530.998755601791,0.021410206262731706,0.00045227927777788114,47.33846389762405,2.1410206262731704,47.33846389762405
40.50752546070533,2.18983275,1530.998755601791,0.020955421203565677,0.0004468791314194874,46.892816715342946,2.095542120356568,46.892816715342946
40.50762689003089,2.18983275,1530.989631298666,0.021426414249269873,0.00044955478064505425,47.6614089578264,2.142641424926987,47.6614089578264
40.50772831935645,2.18983275,1530.980506995541,0.02205521638789068,0.0004636968186263866,47.563872560577515,2.205521638789068,47.563872560577515
40.50782974868201,2.18983275,1530.980506995541,0.02170793942024121,0.000455054126169199,47.7040821560856,2.1707939420241207,47.7040821560856
40.507931178007574,2.18983275,1530.980506995541,0.021977192057022372,0.0004522792777778798,48.5920826729003,2.197719205702237,48.5920826729003
40.50803260733313,2.18983275,1530.971382692416,0.022395181209803692,0.000460761221727866,48.60474396222236,2.239518120980369,48.60474396222236
40.50813403665869,2.18983275,1530.971382692416,0.021938809890062402,0.0004522792777778798,48.50721880925271,2.19388098900624,48.50721880925271
40.50823546598425,2.18983275,1530.962258389291,0.022213841010549143,0.0004607612217278675,48.2111774234095,2.2213841010549142,48.2111774234095
40.50833689530981,2.18983275,1530.953134086166,0.02247623704898809,0.00046668947450059453,48.161011287087554,2.247623704898809,48.161011287087554
40.50843832463537,2.18983275,1530.953134086166,0.022401713221860027,0.0004607612217278675,48.61892052862647,2.240171322186003,48.61892052862647
40.50853975396093,2.18983275,1530.944009783041,0.0227556219720164,0.0004697410605411948,48.44290585498179,2.27556219720164,48.44290585498179
40.508641183286485,2.18983275,1530.934885479916,0.02306595100838678,0.0004728535349810519,48.78032900676332,2.306595100838678,48.78032900676332
40.508742612612046,2.18983275,1530.925761176791,0.024087510604931736,0.0004894045636079233,49.21799344770509,2.4087510604931737,49.21799344770509
40.50884404193761,2.18983275,1530.925761176791,0.023896172388692197,0.0004825772902563104,49.51781377030872,2.38961723886922,49.51781377030872
40.50894547126317,2.18983275,1530.916636873666,0.023902515728277174,0.00048595483468832977,49.186702183150835,2.3902515728277174,49.186702183150835
40.50904690058873,2.18983275,1530.916636873666,0.023701365216326917,0.0004825772902563104,49.11413299979046,2.3701365216326917,49.11413299979046
40.50914832991428,2.18983275,1530.907512570541,0.024365974221822788,0.0004859548346883332,50.14040911322528,2.436597422182279,50.14040911322528
40.50924975923984,2.18983275,1530.898388267416,0.02547020435572344,0.0005039795132187515,50.538174048094966,2.547020435572344,50.538174048094966
40.509351188565404,2.18983275,1530.898388267416,0.02528875558626684,0.0004929290834865837,51.303030057375665,2.5288755586266842,51.303030057375665
40.509452617890965,2.18983275,1530.889263964291,0.025858278702670438,0.0005039795132187534,51.308194131785264,2.585827870267044,51.308194131785264
40.509554047216525,2.18983275,1530.880139661166,0.026737511854527295,0.0005158108113788303,51.835888788477305,2.6737511854527294,51.835888788477305
40.50965547654208,2.18983275,1530.880139661166,0.026450749350361874,0.0005039795132187552,52.4837789167846,2.6450749350361873,52.4837789167846
40.50975690586764,2.18983275,1530.871015358041,0.027149157973892966,0.0005158108113788324,52.63394518877877,2.714915797389297,52.63394518877877
40.5098583351932,2.18983275,1530.871015358041,0.0266243223197489,0.0005039795132187515,52.82818372855695,2.66243223197489,52.82818372855695
40.50995976451876,2.18983275,1530.861891054916,0.02705933324652372,0.0005117746537789811,52.873531439503,2.705933324652372,52.873531439503
40.51006119384432,2.18983275,1530.861891054916,0.027822771306055524,0.0005158108113788303,53.93987619546319,2.7822771306055523,53.93987619546319
40.51016262316988,2.18983275,1530.852766751791,0.027335792894565406,0.0005117746537789831,53.41372944657541,2.7335792894565407,53.41372944657541
40.51026405249544,2.18983275,1530.852766751791,0.027374738835275452,0.0005117746537789831,53.48982923077236,2.7374738835275454,53.48982923077236
40.510365481821,2.18983275,1530.843642448666,0.027409286747433554,0.0005117746537789811,53.55733533312249,2.740928674743355,53.55733533312249
40.51046691114656,2.18983275,1530.843642448666,0.027543283737002936,0.0005117746537789811,53.81916344160722,2.7543283737002935,53.81916344160722
40.51056834047212,2.18983275,1530.834518145541,0.027612593849041724,0.0005158108113788303,53.53240614563626,2.7612593849041724,53.53240614563626
40.51066976979768,2.18983275,1530.834518145541,0.027105094289832987,0.0005078320739797618,53.37412833619718,2.7105094289832987,53.37412833619718
40.51077119912323,2.18983275,1530.825393842416,0.027686091421436593,0.0005158108113788324,53.67489554441077,2.768609142143659,53.67489554441077
40.510872628448794,2.18983275,1530.816269539291,0.02788471659984301,0.0005158108113788303,54.059969245901385,2.788471659984301,54.059969245901385
40.510974057774355,2.18983275,1530.816269539291,0.02805978351748367,0.0005158108113788303,54.39937065777308,2.805978351748367,54.39937065777308
40.511075487099916,2.18983275,1530.807145236166,0.028141091031577515,0.0005199443056560504,54.12327960024471,2.8141091031577514,54.12327960024471
40.51117691642548,2.18983275,1530.807145236166,0.028051483445307425,0.0005158108113788283,54.38327934678651,2.8051483445307426,54.38327934678651
40.51127834575103,2.18983275,1530.798020933041,0.028157875859018928,0.0005199443056560547,54.15556157209938,2.8157875859018926,54.15556157209938
40.51137977507659,2.18983275,1530.788896629916,0.02752549184372426,0.0005117746537789831,53.784398348909875,2.752549184372426,53.784398348909875
40.51148120440215,2.18983275,1530.779772326791,0.028136683181895265,0.0005199443056560567,54.11480205825677,2.8136683181895266,54.11480205825677
40.51158263372771,2.18983275,1530.779772326791,0.0284056994737431,0.0005199443056560526,54.632196496318016,2.84056994737431,54.632196496318016
40.51168406305327,2.18983275,1530.770648023666,0.028096367536252748,0.0005158108113788283,54.47029592332034,2.809636753625275,54.47029592332034
40.511785492378834,2.18983275,1530.770648023666,0.028020097178979648,0.0005158108113788303,54.322430939511,2.8020097178979646,54.322430939511
40.51188692170439,2.18983275,1530.761523720541,0.027789141641607985,0.0005117746537789831,54.2995661008431,2.7789141641607986,54.2995661008431
40.51198835102995,2.18983275,1530.761523720541,0.02798120051937511,0.0005117746537789852,54.674846268293436,2.798120051937511,54.674846268293436
40.51208978035551,2.18983275,1530.752399417416,0.028057235705307947,0.0005158108113788283,54.39443122626175,2.8057235705307946,54.39443122626175
40.51219120968107,2.18983275,1530.752399417416,0.028439957232182667,0.0005158108113788283,55.136411654806196,2.8439957232182667,55.136411654806196
40.51229263900663,2.18983275,1530.743275114291,0.028482851272676413,0.0005199443056560526,54.78058123309471,2.8482851272676415,54.78058123309471
40.512394068332185,2.18983275,1530.743275114291,0.02839041191062052,0.0005199443056560547,54.60279418734686,2.839041191062052,54.60279418734686
40.512495497657746,2.18983275,1530.734150811166,0.02778212454582085,0.0005117746537789831,54.28585480088848,2.7782124545820848,54.28585480088848
40.512596926983306,2.18983275,1530.725026508041,0.028259014304363218,0.0005199443056560547,54.35007941611476,2.8259014304363217,54.35007941611476
40.51269835630887,2.18983275,1530.725026508041,0.02816753921942936,0.0005158108113788283,54.608276131579956,2.816753921942936,54.608276131579956
40.51279978563443,2.18983275,1530.715902204916,0.02832772733929061,0.0005199443056560526,54.48223402225244,2.832772733929061,54.48223402225244
40.51290121495998,2.18983275,1530.706777901791,0.028192948937899386,0.0005158108113788283,54.65753783356349,2.8192948937899387,54.65753783356349
40.51300264428554,2.18983275,1530.697653598666,0.028596809158795852,0.0005241791103054401,54.55541549935563,2.859680915879585,54.55541549935563
40.5131040736111,2.18983275,1530.697653598666,0.02842380200891418,0.0005199443056560526,54.667012792937015,2.842380200891418,54.667012792937015
40.513205502936664,2.18983275,1530.697653598666,0.0283036740660608,0.0005158108113788283,54.87220012004296,2.83036740660608,54.87220012004296
40.513306932262225,2.18983275,1530.688529295541,0.028910891489490196,0.0005241791103054379,55.15460444931483,2.89108914894902,55.15460444931483
40.513408361587786,2.18983275,1530.688529295541,0.028816940208506853,0.0005241791103054401,54.97536937653844,2.881694020850685,54.97536937653844
40.51350979091334,2.18983275,1530.679404992416,0.028360419872541395,0.0005158108113788283,54.982212948833634,2.8360419872541396,54.982212948833634
40.5136112202389,2.18983275,1530.670280689291,0.028344419755099003,0.0005199443056560526,54.514338260392584,2.8344419755099004,54.514338260392584
40.51371264956446,2.18983275,1530.670280689291,0.028251592141853327,0.0005158108113788283,54.771229137933744,2.825159214185333,54.771229137933744
40.51381407889002,2.18983275,1530.6611563861659,0.028869671583504817,0.0005241791103054401,55.075967385809044,2.886967158350482,55.075967385809044
40.51391550821558,2.18983275,1530.652032083041,0.028626150974402693,0.0005199443056560526,55.056187101199114,2.8626150974402695,55.056187101199114
40.514016937541136,2.18983275,1530.652032083041,0.028944499821123317,0.0005241791103054379,55.21872057102281,2.8944499821123317,55.21872057102281
40.5141183668667,2.18983275,1530.642907779916,0.02834415747325478,0.0005199443056560526,54.513833818202585,2.8344157473254783,54.513833818202585
40.51421979619226,2.18983275,1530.642907779916,0.027810732226265577,0.0005117746537789811,54.34175377953776,2.7810732226265578,54.34175377953776
40.51432122551782,2.18983275,1530.633783476791,0.027840244232443145,0.0005158108113788303,53.97375087587346,2.7840244232443143,53.97375087587346
40.51442265484338,2.18983275,1530.633783476791,0.027979589239729135,0.0005158108113788303,54.243898387736394,2.7979589239729137,54.243898387736394
40.51452408416893,2.18983275,1530.624659173666,0.0283845143167597,0.0005199443056560547,54.591451445832696,2.83845143167597,54.591451445832696
40.514625513494494,2.18983275,1530.615534870541,0.02827920120891747,0.0005199443056560526,54.3889045447579,2.827920120891747,54.3889045447579
40.514726942820054,2.18983275,1530.615534870541,0.028187406432913915,0.0005158108113788303,54.6467926051516,2.8187406432913913,54.6467926051516
40.514828372145615,2.18983275,1530.606410567416,0.028356414839675294,0.0005199443056560547,54.537408201626086,2.8356414839675295,54.537408201626086
40.514929801471176,2.18983275,1530.597286264291,0.028254232862646448,0.0005158108113788283,54.776348690945944,2.8254232862646447,54.776348690945944
40.51503123079674,2.18983275,1530.597286264291,0.028561439765961497,0.0005199443056560526,54.93172913957273,2.8561439765961496,54.93172913957273
40.51513266012229,2.18983275,1530.588161961166,0.027996201389390078,0.0005158108113788262,54.27610428434558,2.799620138939008,54.27610428434558
40.51523408944785,2.18983275,1530.579037658041,0.02775592887569279,0.0005117746537789831,54.2346688542328,2.775592887569279,54.2346688542328
40.51533551877341,2.18983275,1530.579037658041,0.028151413581284375,0.0005158108113788303,54.57701343256442,2.8151413581284377,54.57701343256442
40.51543694809897,2.18983275,1530.569913354916,0.028353846890104274,0.0005158108113788303,54.969469938620904,2.8353846890104273,54.969469938620904
40.515538377424534,2.18983275,1530.569913354916,0.02866749321361297,0.0005199443056560526,55.13569992355441,2.866749321361297,55.13569992355441
40.51563980675009,2.18983275,1530.560789051791,0.028560826773654836,0.0005199443056560526,54.930550181942095,2.8560826773654835,54.930550181942095
40.51574123607565,2.18983275,1530.560789051791,0.02846457201826593,0.0005158108113788324,55.18413222510063,2.8464572018265932,55.18413222510063
40.51584266540121,2.18983275,1530.551664748666,0.028093317094957222,0.0005158108113788324,54.46438204709197,2.8093317094957224,54.46438204709197
40.51594409472677,2.18983275,1530.542540445541,0.028286392628374832,0.0005158108113788303,54.838696677879966,2.8286392628374832,54.838696677879966
40.51604552405233,2.18983275,1530.542540445541,0.029141107917252492,0.0005241791103054401,55.59379865457041,2.9141107917252493,55.59379865457041
40.516146953377884,2.18983275,1530.533416142416,0.02901484324063268,0.0005241791103054379,55.35291786756973,2.9014843240632677,55.35291786756973
40.516248382703445,2.18983275,1530.533416142416,0.02890969918369287,0.0005199443056560547,55.601530527803796,2.890969918369287,55.601530527803796
40.516349812029006,2.18983275,1530.524291839291,0.028535134266139617,0.0005199443056560547,54.88113622118544,2.853513426613962,54.88113622118544
40.51645124135457,2.18983275,1530.515167536166,0.02820943442552594,0.0005158108113788303,54.6894981710802,2.820943442552594,54.6894981710802
40.51655267068013,2.18983275,1530.515167536166,0.028080325414194404,0.0005158108113788303,54.43919513655014,2.8080325414194403,54.43919513655014
40.51665410000569,2.18983275,1530.506043233041,0.027936801528748792,0.0005158108113788303,54.16094605320512,2.793680152874879,54.16094605320512
40.51675552933124,2.18983275,1530.506043233041,0.028337888497590513,0.0005158108113788303,54.938531477926176,2.8337888497590513,54.938531477926176
40.5168569586568,2.18983275,1530.496918929916,0.02835346825601282,0.0005199443056560547,54.531741087609404,2.835346825601282,54.531741087609404
40.51695838798236,2.18983275,1530.487794626791,0.028177253899824176,0.0005158108113788303,54.62710993688298,2.8177253899824177,54.62710993688298
40.517059817307924,2.18983275,1530.487794626791,0.028016009821042777,0.0005158108113788303,54.31450679785537,2.8016009821042775,54.31450679785537
40.517161246633485,2.18983275,1530.478670323666,0.027964893898900715,0.0005158108113788324,54.21540859941798,2.7964893898900716,54.21540859941798
40.51726267595904,2.18983275,1530.469546020541,0.028554945186733276,0.0005199443056560526,54.919238226300735,2.8554945186733276,54.919238226300735
40.5173641052846,2.18983275,1530.469546020541,0.028512443491007868,0.0005199443056560526,54.8374954410388,2.851244349100787,54.8374954410388
40.51746553461016,2.18983275,1530.460421717416,0.028798661196969087,0.0005199443056560547,55.38797306498347,2.8798661196969086,55.38797306498347
40.51756696393572,2.18983275,1530.460421717416,0.028639570022176746,0.0005199443056560547,55.081995726522955,2.8639570022176746,55.081995726522955
40.51766839326128,2.18983275,1530.451297414291,0.029067375961640107,0.0005241791103054422,55.45313689571181,2.9067375961640107,55.45313689571181
40.517769822586835,2.18983275,1530.451297414291,0.028966184417929607,0.0005199443056560526,55.710167613780875,2.8966184417929606,55.710167613780875
40.517871251912396,2.18983275,1530.442173111166,0.029041131289388105,0.0005241791103054379,55.403068757291585,2.9041131289388105,55.403068757291585
40.51797268123796,2.18983275,1530.442173111166,0.028619435022481564,0.0005199443056560547,55.0432704256087,2.8619435022481565,55.0432704256087
40.51807411056352,2.18983275,1530.433048808041,0.028592851984368048,0.0005199443056560547,54.99214372256697,2.8592851984368046,54.99214372256697
40.51817553988908,2.18983275,1530.423924504916,0.0279983877411124,0.0005158108113788324,54.280342954171324,2.79983877411124,54.280342954171324
40.51827696921464,2.18983275,1530.423924504916,0.027912434120474054,0.0005117746537789831,54.54047775591564,2.7912434120474052,54.54047775591564
40.51837839854019,2.18983275,1530.414800201791,0.028468820196886926,0.0005199443056560526,54.75359550474485,2.8468820196886924,54.75359550474485
40.518479827865754,2.18983275,1530.405675898666,0.027757884707829313,0.0005117746537789811,54.238490520902275,2.7757884707829312,54.238490520902275
40.518581257191315,2.18983275,1530.405675898666,0.02801449788388259,0.0005158108113788303,54.31157561237645,2.801449788388259,54.31157561237645
40.518682686516875,2.18983275,1530.396551595541,0.02796085730613126,0.0005158108113788345,54.20758287595403,2.796085730613126,54.20758287595403
40.518784115842436,2.18983275,1530.396551595541,0.027423631082254426,0.0005078320739797638,54.00137661125203,2.7423631082254425,54.00137661125203
40.51888554516799,2.18983275,1530.387427292416,0.02759917802108199,0.0005117746537789831,53.9283800346257,2.7599178021081987,53.9283800346257
40.51898697449355,2.18983275,1530.378302989291,0.027558093335743012,0.0005078320739797599,54.26615361211188,2.7558093335743012,54.26615361211188
40.51908840381911,2.18983275,1530.378302989291,0.02825520565036414,0.0005158108113788262,54.778234629930445,2.825520565036414,54.778234629930445
40.51918983314467,2.18983275,1530.369178686166,0.028214457680818792,0.0005158108113788303,54.69923673254895,2.821445768081879,54.69923673254895
40.51929126247023,2.18983275,1530.369178686166,0.028125135847256993,0.0005117746537789792,54.95609374082725,2.8125135847256995,54.95609374082725
40.51939269179579,2.18983275,1530.360054383041,0.02846489991248122,0.0005158108113788283,55.18476791207788,2.8464899912481223,55.18476791207788
40.51949412112135,2.18983275,1530.360054383041,0.028065401229702112,0.0005117746537789811,54.83937319377807,2.8065401229702114,54.83937319377807
40.51959555044691,2.18983275,1530.350930079916,0.02835635725029996,0.0005158108113788283,54.97433676215469,2.835635725029996,54.97433676215469
40.51969697977247,2.18983275,1530.341805776791,0.02871025496055192,0.0005199443056560547,55.21794286087225,2.871025496055192,55.21794286087225
40.51979840909803,2.18983275,1530.341805776791,0.027733154745784746,0.0005078320739797599,54.61087663968637,2.7733154745784745,54.61087663968637
40.51989983842359,2.18983275,1530.332681473666,0.02829517464721051,0.0005158108113788283,54.855722336594475,2.829517464721051,54.855722336594475
40.520001267749144,2.18983275,1530.332681473666,0.028339889003200645,0.0005158108113788283,54.94240984876702,2.8339889003200645,54.94240984876702
40.520102697074705,2.18983275,1530.323557170541,0.028356013963551707,0.0005158108113788283,54.973671233746444,2.8356013963551705,54.973671233746444
40.520204126400266,2.18983275,1530.314432867416,0.028144391128683253,0.0005158108113788303,54.563399036653735,2.8144391128683255,54.563399036653735
40.52030555572583,2.18983275,1530.314432867416,0.028056161529731737,0.0005117746537789792,54.821318958575056,2.805616152973174,54.821318958575056
40.52040698505139,2.18983275,1530.305308564291,0.028186781255959376,0.0005158108113788283,54.64558057752319,2.8186781255959374,54.64558057752319
40.52050841437694,2.18983275,1530.296184261166,0.027893796376623148,0.0005117746537789792,54.50405988388334,2.789379637662315,54.50405988388334
40.5206098437025,2.18983275,1530.296184261166,0.028190397301721015,0.0005158108113788283,54.65259098847594,2.8190397301721015,54.65259098847594
40.52071127302806,2.18983275,1530.287059958041,0.028055018290849127,0.0005158108113788283,54.39013233525384,2.8055018290849127,54.39013233525384
40.52081270235362,2.18983275,1530.287059958041,0.027968181883138547,0.0005117746537789792,54.649408048287604,2.7968181883138548,54.649408048287604
40.520914131679184,2.18983275,1530.277935654916,0.0277077133722096,0.0005117746537789792,54.14045648336419,2.77077133722096,54.14045648336419
40.521015561004745,2.18983275,1530.268811351791,0.027525508080238424,0.0005078320739797599,54.20198819764874,2.7525508080238423,54.20198819764874
40.5211169903303,2.18983275,1530.259687048666,0.027833151991185863,0.0005158108113788283,53.960001181022726,2.7833151991185865,53.960001181022726
40.52121841965586,2.18983275,1530.259687048666,0.027262225730965536,0.0005078320739797599,53.68354447823258,2.7262225730965537,53.68354447823258
40.52131984898142,2.18983275,1530.259687048666,0.02763283423352658,0.0005078320739797599,54.41333001473222,2.7632834233526578,54.41333001473222
40.52142127830698,2.18983275,1530.250562745541,0.028137285986856154,0.0005158108113788283,54.54962433152882,2.8137285986856155,54.54962433152882
40.52152270763254,2.18983275,1530.250562745541,0.027742894323867354,0.0005117746537789831,54.209199535404316,2.7742894323867353,54.209199535404316
40.521624136958096,2.18983275,1530.241438442416,0.028035595223453672,0.0005158108113788303,54.352476925620905,2.8035595223453673,54.352476925620905
40.521725566283656,2.18983275,1530.232314139291,0.027885465839714182,0.0005158108113788262,54.06142179372487,2.788546583971418,54.06142179372487
40.52182699560922,2.18983275,1530.232314139291,0.027801272505620905,0.0005117746537789792,54.32326962723613,2.7801272505620904,54.32326962723613
40.52192842493478,2.18983275,1530.223189836166,0.027881654641192112,0.0005158108113788283,54.05403304103084,2.7881654641192113,54.05403304103084
40.52202985426034,2.18983275,1530.214065533041,0.02774058651617944,0.0005117746537789831,54.204690113785105,2.774058651617944,54.204690113785105
40.52213128358589,2.18983275,1530.214065533041,0.027531202971277955,0.0005117746537789811,53.795557806518076,2.7531202971277957,53.795557806518076
40.52223271291145,2.18983275,1530.204941229916,0.027516888544156497,0.0005117746537789831,53.76758763055125,2.75168885441565,53.76758763055125
40.522334142237014,2.18983275,1530.204941229916,0.027466727507565996,0.0005078320739797618,54.08624014689668,2.7466727507566,54.08624014689668
40.522435571562575,2.18983275,1530.195816926791,0.0280090709735471,0.0005158108113788303,54.30105448677037,2.80090709735471,54.30105448677037
40.522537000888136,2.18983275,1530.186692623666,0.027851942624557906,0.0005117746537789811,54.4222782798975,2.7851942624557906,54.4222782798975
40.522638430213696,2.18983275,1530.186692623666,0.02807305791888867,0.0005158108113788324,54.42510567749747,2.807305791888867,54.42510567749747
40.52273985953925,2.18983275,1530.177568320541,0.02766329705550707,0.0005117746537789831,54.05366766649965,2.766329705550707,54.05366766649965
40.52284128886481,2.18983275,1530.177568320541,0.02801092810682877,0.0005117746537789811,54.732933528446644,2.801092810682877,54.732933528446644
40.52294271819037,2.18983275,1530.168444017416,0.028163930582897657,0.0005158108113788303,54.6012800848663,2.8163930582897656,54.6012800848663
40.52304414751593,2.18983275,1530.159319714291,0.02802645067007932,0.0005117746537789811,54.76326438429488,2.802645067007932,54.76326438429488
40.52314557684149,2.18983275,1530.159319714291,0.028325152226480476,0.0005158108113788303,54.91383972887968,2.8325152226480474,54.91383972887968
40.52324700616705,2.18983275,1530.150195411166,0.028190270462135722,0.0005158108113788324,54.65234508516659,2.8190270462135723,54.65234508516659
40.52334843549261,2.18983275,1530.150195411166,0.028101000392862733,0.0005117746537789811,54.908933424824596,2.810100039286273,54.908933424824596
40.52344986481817,2.18983275,1530.141071108041,0.027795219328880596,0.0005117746537789852,54.31144181064549,2.7795219328880596,54.31144181064549
40.52355129414373,2.18983275,1530.141071108041,0.02782874729072658,0.0005117746537789811,54.37695494537897,2.782874729072658,54.37695494537897
40.52365272346929,2.18983275,1530.131946804916,0.028356134395706733,0.0005158108113788345,54.973904714999705,2.835613439570673,54.973904714999705
40.523754152794844,2.18983275,1530.122822501791,0.02777617230360026,0.0005117746537789831,54.274224208836614,2.777617230360026,54.274224208836614
40.523855582120405,2.18983275,1530.122822501791,0.02769498042120781,0.0005078320739797638,54.535705482658045,2.769498042120781,54.535705482658045
40.523957011445965,2.18983275,1530.113698198666,0.027292142421590296,0.0005078320739797618,53.742455075174995,2.7292142421590295,53.742455075174995
40.524058440771526,2.18983275,1530.113698198666,0.027395317028175416,0.0005078320739797618,53.9456218538634,2.7395317028175414,53.9456218538634
40.52415987009709,2.18983275,1530.104573895541,0.02781736195174085,0.0005117746537789831,54.354708163710974,2.7817361951740853,54.354708163710974
40.52426129942265,2.18983275,1530.095449592416,0.02768887569843548,0.0005117746537789811,54.10364795125905,2.7688875698435482,54.10364795125905
40.5243627287482,2.18983275,1530.086325289291,0.027657379122885448,0.0005117746537789852,54.04210411488951,2.765737912288545,54.04210411488951
40.52446415807376,2.18983275,1530.086325289291,0.027589631240646142,0.0005117746537789811,53.909725768797465,2.758963124064614,53.909725768797465
40.52456558739932,2.18983275,1530.077200986166,0.02785364378891404,0.0005117746537789831,54.42560232954213,2.785364378891404,54.42560232954213
40.524667016724884,2.18983275,1530.077200986166,0.02815351137273313,0.0005158108113788303,54.58108041100395,2.8153511372733133,54.58108041100395
40.524768446050444,2.18983275,1530.068076683041,0.028020819943693265,0.0005158108113788303,54.32383216007031,2.8020819943693267,54.32383216007031
40.524869875376,2.18983275,1530.068076683041,0.02793451663797316,0.0005117746537789852,54.58362666400621,2.793451663797316,54.58362666400621
40.52497130470156,2.18983275,1530.058952379916,0.027602995328191045,0.0005117746537789811,53.93583899548078,2.7602995328191047,53.93583899548078
40.52507273402712,2.18983275,1530.058952379916,0.02722288928374013,0.0005078320739797638,53.606084921735196,2.722288928374013,53.606084921735196
40.52517416335268,2.18983275,1530.049828076791,0.02706913544776306,0.0005078320739797638,53.303319807330084,2.706913544776306,53.303319807330084
40.52527559267824,2.18983275,1530.0407037736659,0.027347721208529664,0.0005117746537789831,53.437037193209946,2.7347721208529663,53.437037193209946
40.525377022003795,2.18983275,1530.0407037736659,0.027274949164147855,0.0005078320739797618,53.70859888860588,2.7274949164147855,53.70859888860588
40.525478451329356,2.18983275,1530.031579470541,0.02740803602206188,0.0005117746537789852,53.554891434499034,2.740803602206188,53.554891434499034
40.52557988065492,2.18983275,1530.022455167416,0.027630444754564155,0.0005117746537789831,53.98947476304042,2.7630444754564154,53.98947476304042
40.52568130998048,2.18983275,1530.022455167416,0.02744288480774361,0.0005117746537789811,53.62298543920328,2.744288480774361,53.62298543920328
40.52578273930604,2.18983275,1530.013330864291,0.027829937151184123,0.0005158108113788303,53.95376858579414,2.7829937151184123,53.95376858579414
40.5258841686316,2.18983275,1530.004206561166,0.027992945141720297,0.0005158108113788283,54.269791412265235,2.7992945141720296,54.269791412265235
40.52598559795715,2.18983275,1530.004206561166,0.028398640835371816,0.0005199443056560526,54.61862073773292,2.8398640835371816,54.61862073773292
40.52608702728271,2.18983275,1529.995082258041,0.02852127698211666,0.0005199443056560526,54.854484743571206,2.852127698211666,54.854484743571206
40.526188456608274,2.18983275,1529.995082258041,0.02883791053169127,0.0005241791103054401,55.01537540266984,2.883791053169127,55.01537540266984
40.526289885933835,2.18983275,1529.985957954916,0.029252382165706435,0.000528519429885906,55.347789525961765,2.9252382165706434,55.347789525961765
40.526391315259396,2.18983275,1529.976833651791,0.029404861831929377,0.0005285194298859039,55.6362929519493,2.9404861831929376,55.6362929519493
40.52649274458495,2.18983275,1529.976833651791,0.029855121797995703,0.0005329697173562333,56.01654432842897,2.9855121797995703,56.01654432842897
40.52659417391051,2.18983275,1529.967709348666,0.030155543686850313,0.0005329697173562311,56.58021967258354,3.0155543686850312,56.58021967258354
40.52669560323607,2.18983275,1529.967709348666,0.029920076188382,0.0005329697173562355,56.13841690068013,2.9920076188382003,56.13841690068013
40.52679703256163,2.18983275,1529.958585045541,0.03043691675017734,0.0005375346932667221,56.62316708379358,3.0436916750177336,56.62316708379358
40.52689846188719,2.18983275,1529.949460742416,0.030606629509269533,0.0005375346932667245,56.93889137325418,3.0606629509269534,56.93889137325418
40.526999891212746,2.18983275,1529.949460742416,0.030479681479269646,0.0005375346932667245,56.70272423541161,3.0479681479269645,56.70272423541161
40.52710132053831,2.18983275,1529.940336439291,0.031309514543311615,0.0005422193667947575,57.743261234641565,3.1309514543311616,57.743261234641565
40.52720274986387,2.18983275,1529.940336439291,0.031704228551445425,0.0005470290588374035,57.95711953369748,3.1704228551445426,57.95711953369748
40.52730417918943,2.18983275,1529.931212136166,0.032219028773106215,0.0005519694274030538,58.37103863649235,3.2219028773106215,58.37103863649235
40.52740560851499,2.18983275,1529.922087833041,0.032343428063948194,0.0005519694274030538,58.59641215297,3.2343428063948196,58.59641215297
40.52750703784055,2.18983275,1529.922087833041,0.03288979638700943,0.0005570464955776601,59.04317978502412,3.288979638700943,59.04317978502412
40.527608467166104,2.18983275,1529.912963529916,0.03321715602953817,0.0005570464955776601,59.63085001565588,3.321715602953817,59.63085001565588
40.527709896491665,2.18983275,1529.912963529916,0.033670218524898224,0.0005622666823797666,59.883004951299355,3.3670218524898226,59.883004951299355
40.527811325817225,2.18983275,1529.903839226791,0.034217654129365734,0.0005676368368638721,60.28089071599778,3.4217654129365735,60.28089071599778
40.527912755142786,2.18983275,1529.894714923666,0.03414418290045401,0.0005676368368638721,60.151457204744986,3.4144182900454014,60.151457204744986
40.52801418446835,2.18983275,1529.894714923666,0.033649889632660614,0.0005622666823797693,59.84684970170902,3.3649889632660615,59.84684970170902
40.5281156137939,2.18983275,1529.894714923666,0.033673456536949774,0.0005622666823797693,59.88876380586581,3.3673456536949775,59.88876380586581
40.52821704311946,2.18983275,1529.876466317416,0.035282723915154975,0.00057885682599148,60.952419200934315,3.5282723915154977,60.952419200934315
40.52831847244502,2.18983275,1529.876466317416,0.03468726261124297,0.0005676368368638721,61.10819516732932,3.468726261124297,61.10819516732932
40.52841990177058,2.18983275,1529.867342014291,0.03549100096865214,0.000578856825991477,61.31222674598762,3.5491000968652138,61.31222674598762
40.528521331096144,2.18983275,1529.867342014291,0.03566574828273487,0.00057885682599148,61.61411022776783,3.566574828273487,61.61411022776783
40.5286227604217,2.18983275,1529.858217711166,0.03512508154970011,0.0005731642758840568,61.28274742092513,3.5125081549700106,61.28274742092513
40.52872418974726,2.18983275,1529.858217711166,0.03564350849417884,0.00057885682599148,61.57569003894491,3.564350849417884,61.57569003894491
40.52882561907282,2.18983275,1529.849093408041,0.035207145863625756,0.0005731642758840568,61.42592507064706,3.5207145863625757,61.42592507064706
40.52892704839838,2.18983275,1529.849093408041,0.03520498091414968,0.0005731642758840568,61.42214788220884,3.5204980914149684,61.42214788220884
40.52902847772394,2.18983275,1529.839969104916,0.03559045228396129,0.00057885682599148,61.484033159669664,3.5590452283961285,61.484033159669664
40.5291299070495,2.18983275,1529.830844801791,0.03511226412172165,0.0005731642758840568,61.26038484789372,3.511226412172165,61.26038484789372
40.529231336375055,2.18983275,1529.830844801791,0.034864809074106176,0.0005731642758840568,60.82864990203758,3.4864809074106176,60.82864990203758
40.529332765700616,2.18983275,1529.821720498666,0.03523362537414556,0.0005731642758840568,61.47212388594999,3.523362537414556,61.47212388594999
40.52943419502618,2.18983275,1529.821720498666,0.03524898144220409,0.0005731642758840568,61.49891562560411,3.5248981442204093,61.49891562560411
40.52953562435174,2.18983275,1529.812596195541,0.03553594378801504,0.00057885682599148,61.38986739449469,3.5535943788015043,61.38986739449469
40.5296370536773,2.18983275,1529.812596195541,0.03489592486952869,0.0005731642758840568,60.88293764593878,3.4895924869528687,60.88293764593878
40.52973848300285,2.18983275,1529.803471892416,0.035612564425619934,0.00057885682599148,61.522232833001276,3.5612564425619935,61.522232833001276
40.52983991232841,2.18983275,1529.794347589291,0.035196337565432764,0.0005731642758840568,61.40706782736141,3.5196337565432763,61.40706782736141
40.52994134165397,2.18983275,1529.794347589291,0.03519417261595671,0.0005731642758840568,61.40329063892322,3.519417261595671,61.40329063892322
40.530042770979534,2.18983275,1529.785223286166,0.03550542749010659,0.000578856825991477,61.337149180701495,3.5505427490106594,61.337149180701495
40.530144200305095,2.18983275,1529.776098983041,0.035142515875920335,0.0005731642758840568,61.313165098637754,3.5142515875920335,61.313165098637754
40.53024562963065,2.18983275,1529.776098983041,0.035661290848439685,0.00057885682599148,61.60640981879788,3.5661290848439684,61.60640981879788
40.53034705895621,2.18983275,1529.766974679916,0.03519972907023103,0.0005731642758840568,61.41298498748628,3.519972907023103,61.41298498748628
40.53044848828177,2.18983275,1529.766974679916,0.035197564120754955,0.0005731642758840568,61.409207799048055,3.5197564120754956,61.409207799048055
40.53054991760733,2.18983275,1529.7578503767909,0.03547172083566906,0.00057885682599148,61.27891948913661,3.547172083566906,61.27891948913661
40.53065134693289,2.18983275,1529.748726073666,0.03508751843748903,0.0005731642758840568,61.21721104018483,3.508751843748903,61.21721104018483
40.53075277625845,2.18983275,1529.748726073666,0.03554834147327393,0.00057885682599148,61.41128492764316,3.554834147327393,61.41128492764316
40.530854205584006,2.18983275,1529.739601770541,0.03453637013768609,0.0005676368368638721,60.84236944257449,3.453637013768609,60.84236944257449
40.53095563490957,2.18983275,1529.739601770541,0.03522423575797148,0.0005731642758840568,61.455741817895245,3.5224235757971476,61.455741817895245
40.53105706423513,2.18983275,1529.730477467416,0.03481907520436503,0.0005731642758840568,60.7488579965309,3.481907520436503,60.7488579965309
40.53115849356069,2.18983275,1529.721353164291,0.03450095237802983,0.0005676368368638721,60.77997433824698,3.450095237802983,60.77997433824698
40.53125992288625,2.18983275,1529.721353164291,0.03499696763983865,0.0005731642758840568,61.05922701804613,3.499696763983865,61.05922701804613
40.5313613522118,2.18983275,1529.712228861166,0.0346589542580145,0.0005676368368638721,61.05832463146898,3.46589542580145,61.05832463146898
40.531462781537364,2.18983275,1529.712228861166,0.03465683086355255,0.0005676368368638721,61.054583869199774,3.465683086355255,61.054583869199774
40.531564210862925,2.18983275,1529.703104558041,0.03496337524012479,0.0005731642758840568,61.000618341393974,3.496337524012479,61.000618341393974
40.531665640188486,2.18983275,1529.693980254916,0.03532187200480027,0.0005731642758840568,61.6260878267741,3.5321872004800268,61.6260878267741
40.531767069514046,2.18983275,1529.693980254916,0.03584422732572662,0.00057885682599148,61.92244043133077,3.584422732572662,61.92244043133077
40.5318684988396,2.18983275,1529.684855951791,0.03553782519623281,0.0005731642758840568,62.00286146832644,3.553782519623281,62.00286146832644
40.53196992816516,2.18983275,1529.684855951791,0.034825034440317634,0.0005676368368638721,61.35090638712231,3.4825034440317633,61.35090638712231
40.53207135749072,2.18983275,1529.675731648666,0.0350029041364642,0.0005731642758840568,61.06958442669027,3.5002904136464204,61.06958442669027
40.53217278681628,2.18983275,1529.675731648666,0.035200124691615965,0.0005731642758840568,61.41367522831528,3.5200124691615966,61.41367522831528
40.53227421614184,2.18983275,1529.666607345541,0.03507802519026898,0.0005731642758840568,61.20064816699214,3.5078025190268978,61.20064816699214
40.532375645467404,2.18983275,1529.657483042416,0.03471356592829074,0.0005676368368638721,61.154533451491936,3.471356592829074,61.154533451491936
40.53247707479296,2.18983275,1529.657483042416,0.03471144253382877,0.0005676368368638721,61.1507926892227,3.4711442533828767,61.1507926892227
40.53257850411852,2.18983275,1529.648358739291,0.03495621032014341,0.0005731642758840568,60.98811770190396,3.4956210320143413,60.98811770190396
40.53267993344408,2.18983275,1529.639234436166,0.034470738953175234,0.0005676368368638721,60.726747657220564,3.4470738953175233,60.726747657220564
40.53278136276964,2.18983275,1529.639234436166,0.034966162935634836,0.0005731642758840568,61.00548203515043,3.4966162935634837,61.00548203515043
40.5328827920952,2.18983275,1529.630110133041,0.03459020047581166,0.0005676368368638721,60.93720179775245,3.4590200475811663,60.93720179775245
40.532984221420755,2.18983275,1529.630110133041,0.034761627518061035,0.0005731642758840568,60.64862898938389,3.4761627518061036,60.64862898938389
40.533085650746315,2.18983275,1529.620985829916,0.03484867560220178,0.0005731642758840568,60.800501825503126,3.4848675602201777,60.800501825503126
40.533187080071876,2.18983275,1529.611861526791,0.03446737462885601,0.0005676368368638721,60.720820761535265,3.446737462885601,60.720820761535265
40.53328850939744,2.18983275,1529.611861526791,0.03431597145359204,0.0005676368368638721,60.45409533881524,3.431597145359204,60.45409533881524
40.533389938723,2.18983275,1529.602737223666,0.03455028819112831,0.0005676368368638721,60.86688873473163,3.4550288191128313,60.86688873473163
40.53349136804855,2.18983275,1529.602737223666,0.03477528022856839,0.0005731642758840568,60.67244888026299,3.477528022856839,60.67244888026299
40.53359279737411,2.18983275,1529.593612920541,0.0348332656353219,0.000573164275884054,60.77361604854863,3.48332656353219,60.77361604854863
40.53369422669967,2.18983275,1529.593612920541,0.03421906966190322,0.0005676368368638721,60.283384445166774,3.421906966190322,60.283384445166774
40.533795656025234,2.18983275,1529.584488617416,0.034902412017461706,0.0005731642758840568,60.894255776195614,3.4902412017461706,60.894255776195614
40.533897085350794,2.18983275,1529.575364314291,0.03455069264541803,0.0005676368368638721,60.86760125771015,3.455069264541803,60.86760125771015
40.533998514676355,2.18983275,1529.575364314291,0.034721346515994345,0.0005731642758840568,60.57835070484747,3.4721346515994345,60.57835070484747
40.53409994400191,2.18983275,1529.566240011166,0.034835751567336724,0.0005731642758840568,60.777953255383125,3.4835751567336724,60.777953255383125
40.53420137332747,2.18983275,1529.566240011166,0.03422150787782038,0.0005676368368638721,60.28767982516824,3.4221507877820376,60.28767982516824
40.53430280265303,2.18983275,1529.557115708041,0.03427644408989467,0.0005676368368638721,60.38446038715187,3.427644408989467,60.38446038715187
40.53440423197859,2.18983275,1529.547991404916,0.03388747992468963,0.0005622666823797666,60.26940771461419,3.388747992468963,60.26940771461419
40.53450566130415,2.18983275,1529.538867101791,0.03479103699175594,0.0005731642758840568,60.69993971290995,3.4791036991755937,60.69993971290995
40.534607090629706,2.18983275,1529.538867101791,0.03496236423195869,0.0005731642758840568,60.998854434938806,3.496236423195869,60.998854434938806
40.53470851995527,2.18983275,1529.529742798666,0.034465263883031415,0.0005676368368638721,60.7171022822409,3.4465263883031416,60.7171022822409
40.53480994928083,2.18983275,1529.520618495541,0.035265340654182895,0.00057885682599148,60.922388871858885,3.5265340654182893,60.922388871858885
40.53491137860639,2.18983275,1529.520618495541,0.034601480384227626,0.0005676368368638721,60.95707349684493,3.4601480384227625,60.95707349684493
40.53501280793195,2.18983275,1529.520618495541,0.03477312817526464,0.0005731642758840568,60.668694191783096,3.4773128175264643,60.668694191783096
40.53511423725751,2.18983275,1529.511494192416,0.03564836502176275,0.00057885682599148,61.584079898692345,3.5648365021762753,61.584079898692345
40.53521566658306,2.18983275,1529.502369889291,0.03526592916244072,0.0005731642758840568,61.52848432161276,3.526592916244072,61.52848432161276
40.535317095908624,2.18983275,1529.502369889291,0.035787167739446624,0.00057885682599148,61.82386754816184,3.578716773944662,61.82386754816184
40.535418525234185,2.18983275,1529.493245586166,0.03551133748518325,0.0005731642758840568,61.956648345555124,3.551133748518325,61.956648345555124
40.535519954559746,2.18983275,1529.493245586166,0.035704625776349495,0.00057885682599148,61.6812727658411,3.5704625776349497,61.6812727658411
40.53562138388531,2.18983275,1529.484121283041,0.035856782530135085,0.00057885682599148,61.94413008556774,3.5856782530135085,61.94413008556774
40.53572281321086,2.18983275,1529.484121283041,0.03521048430368207,0.0005731642758840583,61.43174964868986,3.5210484303682072,61.43174964868986
40.53582424253642,2.18983275,1529.4749969799159,0.035721124969499744,0.0005788568259914814,61.709775829827436,3.5721124969499742,61.709775829827436
40.53592567186198,2.18983275,1529.465872676791,0.03611539191169795,0.00057885682599148,62.39088888662345,3.611539191169795,62.39088888662345
40.53602710118754,2.18983275,1529.456748373666,0.03627509614160058,0.00058472287001136,62.03810044388348,3.627509614160058,62.03810044388348
40.5361285305131,2.18983275,1529.456748373666,0.035694343197384557,0.00057885682599148,61.66350916955401,3.5694343197384555,61.66350916955401
40.53622995983866,2.18983275,1529.447624070541,0.03601551298902723,0.00057885682599148,62.21834376287951,3.6015512989027227,62.21834376287951
40.53633138916422,2.18983275,1529.447624070541,0.03653158455402547,0.0005847228700113615,62.4767499744206,3.653158455402547,62.4767499744206
40.53643281848978,2.18983275,1529.438499767416,0.036157167658887046,0.00057885682599148,62.46305828208241,3.6157167658887044,62.46305828208241
40.53653424781534,2.18983275,1529.438499767416,0.036367602781322436,0.00058472287001136,62.19630639830435,3.6367602781322437,62.19630639830435
40.5366356771409,2.18983275,1529.429375464291,0.03644173783507692,0.0005847228700113615,62.32309304811155,3.644173783507692,62.32309304811155
40.53673710646646,2.18983275,1529.429375464291,0.035770807065918876,0.00057885682599148,61.79560378276575,3.5770807065918877,61.79560378276575
40.536838535792015,2.18983275,1529.420251161166,0.03577095770115995,0.0005788568259914843,61.79586401160653,3.577095770115995,61.79586401160653
40.536939965117575,2.18983275,1529.411126858041,0.03476100350551031,0.0005676368368638775,61.23810374527578,3.4761003505510315,61.23810374527578
40.537041394443136,2.18983275,1529.411126858041,0.03563826142158983,0.0005788568259914814,61.566625495946546,3.563826142158983,61.566625495946546
40.5371428237687,2.18983275,1529.402002554916,0.03425000948560512,0.0005676368368638735,60.337890815600296,3.4250009485605117,60.337890815600296
40.53724425309426,2.18983275,1529.402002554916,0.033658412118422416,0.0005622666823797719,59.86200707458691,3.3658412118422416,59.86200707458691
40.53734568241981,2.18983275,1529.392878251791,0.03380828963219406,0.0005622666823797732,60.128566553333215,3.3808289632194057,60.128566553333215
40.53744711174537,2.18983275,1529.383753948666,0.032856608529919236,0.0005519694274030576,59.52613840318147,3.285660852991924,59.52613840318147
40.53754854107093,2.18983275,1529.383753948666,0.03298634933629565,0.0005570464955776613,59.216509929011515,3.298634933629565,59.216509929011515
40.537649970396494,2.18983275,1529.374629645541,0.03263989622253192,0.0005519694274030576,59.133521898301986,3.2639896222531917,59.133521898301986
40.537751399722055,2.18983275,1529.374629645541,0.03210875872617592,0.0005470290588374035,58.696623529317456,3.210875872617592,58.696623529317456
40.53785282904761,2.18983275,1529.365505342416,0.03207158094786656,0.0005470290588374048,58.62866045183771,3.207158094786656,58.62866045183771
40.53795425837317,2.18983275,1529.356381039291,0.031131971958023034,0.0005375346932667268,57.91620959165743,3.1131971958023033,57.91620959165743
40.53805568769873,2.18983275,1529.356381039291,0.031224578074149436,0.0005422193667947634,57.58661528216552,3.1224578074149436,57.58661528216552
40.53815711702429,2.18983275,1529.347256736166,0.030733853406509925,0.0005375346932667303,57.17557171934848,3.0733853406509923,57.17557171934848
40.53825854634985,2.18983275,1529.338132433041,0.03059694236051343,0.0005329697173562401,57.40840682710357,3.059694236051343,57.40840682710357
40.53835997567541,2.18983275,1529.338132433041,0.03146832684914487,0.0005422193667947634,58.03615432470529,3.146832684914487,58.03615432470529
40.538461405000966,2.18983275,1529.329008129916,0.030223917736826,0.0005285194298859083,57.18601063228735,3.0223917736826,57.18601063228735
40.53856283432653,2.18983275,1529.329008129916,0.030297956565826747,0.0005329697173562378,56.84742599657974,3.029795656582675,56.84742599657974
40.53866426365209,2.18983275,1529.319883826791,0.02987118152648305,0.0005285194298859094,56.51860619945665,2.9871181526483053,56.51860619945665
40.53876569297765,2.18983275,1529.310759523666,0.029648372910953437,0.0005241791103054465,56.56153083566592,2.9648372910953436,56.56153083566592
40.53886712230321,2.18983275,1529.310759523666,0.029482142545218217,0.0005241791103054443,56.244405710938544,2.9482142545218215,56.244405710938544
40.53896855162876,2.18983275,1529.301635220541,0.028776885892583638,0.0005158108113788324,55.78961366796309,2.877688589258364,55.78961366796309
40.539069980954324,2.18983275,1529.301635220541,0.0293224670911034,0.0005241791103054443,55.93978568511994,2.93224670911034,55.93978568511994
40.539171410279884,2.18983275,1529.292510917416,0.0289893376274251,0.0005199443056560599,55.754697786038214,2.89893376274251,55.754697786038214
40.539272839605445,2.18983275,1529.283386614291,0.028687275134824337,0.0005158108113788334,55.61588571232018,2.8687275134824337,55.61588571232018
40.539374268931006,2.18983275,1529.283386614291,0.02901463774131254,0.0005199443056560578,55.80335706283447,2.901463774131254,55.80335706283447
40.53947569825656,2.18983275,1529.274262311166,0.028271610463930466,0.0005117746537789861,55.24230294558468,2.8271610463930466,55.24230294558468
40.53957712758212,2.18983275,1529.274262311166,0.028766254890343138,0.0005199443056560567,55.32564656910008,2.8766254890343137,55.32564656910008
40.53967855690768,2.18983275,1529.265138008041,0.02883117961145545,0.0005199443056560578,55.450515175998916,2.883117961145545,55.450515175998916
40.53977998623324,2.18983275,1529.256013704916,0.028524323483028084,0.0005158108113788345,55.29997210949995,2.8524323483028082,55.29997210949995
40.5398814155588,2.18983275,1529.256013704916,0.028835876519711673,0.0005199443056560578,55.459548659403055,2.883587651971167,55.459548659403055
40.53998284488436,2.18983275,1529.246889401791,0.028247317057757584,0.0005117746537789852,55.19483399417522,2.8247317057757586,55.19483399417522
40.54008427420992,2.18983275,1529.246889401791,0.02828522287501928,0.0005158108113788334,54.83642888253735,2.828522287501928,54.83642888253735
40.54018570353548,2.18983275,1529.237765098666,0.027802757248552225,0.0005117746537789881,54.32617079266094,2.7802757248552226,54.32617079266094
40.54028713286104,2.18983275,1529.228640795541,0.028079583980728965,0.0005117746537789861,54.86708607662964,2.8079583980728966,54.86708607662964
40.5403885621866,2.18983275,1529.228640795541,0.027848122228485813,0.0005117746537789861,54.41481328325463,2.7848122228485814,54.41481328325463
40.54048999151216,2.18983275,1529.219516492416,0.027748843378478216,0.0005078320739797667,54.64176998710759,2.774884337847822,54.64176998710759
40.540591420837714,2.18983275,1529.219516492416,0.028227312166212187,0.0005158108113788345,54.72415766307153,2.822731216621219,54.72415766307153
40.540692850163275,2.18983275,1529.210392189291,0.02826791839951656,0.0005158108113788345,54.8028807770672,2.8267918399516563,54.8028807770672
40.540794279488836,2.18983275,1529.210392189291,0.027871490369131228,0.0005117746537789861,54.46047427969684,2.7871490369131227,54.46047427969684
40.540895708814396,2.18983275,1529.201267886166,0.02783880367907512,0.0005117746537789861,54.39660497742728,2.783880367907512,54.39660497742728
40.54099713813996,2.18983275,1529.192143583041,0.027575742741814888,0.0005078320739797657,54.30090802597401,2.7575742741814886,54.30090802597401
40.54109856746551,2.18983275,1529.183019279916,0.027672896517858085,0.0005117746537789871,54.072424871999985,2.7672896517858083,54.072424871999985
40.54119999679107,2.18983275,1529.183019279916,0.02780948866680814,0.0005117746537789871,54.33932388300307,2.780948866680814,54.33932388300307
40.54130142611663,2.18983275,1529.173894976791,0.02710302524229497,0.0005039795132187572,53.778029724257145,2.710302524229497,53.778029724257145
40.54140285544219,2.18983275,1529.173894976791,0.02737832172836355,0.0005078320739797667,53.912155476525434,2.737832172836355,53.912155476525434
40.541504284767754,2.18983275,1529.164770673666,0.027663332957722504,0.0005078320739797667,54.473386725913414,2.7663332957722506,54.473386725913414
40.541605714093315,2.18983275,1529.155646370541,0.027572731894000356,0.0005117746537789871,53.87670469883763,2.7572731894000357,53.87670469883763
40.54170714341887,2.18983275,1529.155646370541,0.02733650116832956,0.0005078320739797667,53.82980431720174,2.733650116832956,53.82980431720174
40.54180857274443,2.18983275,1529.155646370541,0.027398230511330918,0.0005078320739797667,53.951358953397914,2.739823051133092,53.951358953397914
40.54191000206999,2.18983275,1529.146522067416,0.027769214963731272,0.0005117746537789871,54.26062967104966,2.7769214963731272,54.26062967104966
40.54201143139555,2.18983275,1529.137397764291,0.02765574731008353,0.0005078320739797667,54.45844941094722,2.765574731008353,54.45844941094722
40.54211286072111,2.18983275,1529.128273461166,0.02769204963061895,0.0005117746537789871,54.109849767155374,2.769204963061895,54.109849767155374
40.542214290046665,2.18983275,1529.128273461166,0.027828641779569018,0.0005117746537789871,54.376748778158486,2.7828641779569017,54.376748778158486
40.542315719372226,2.18983275,1529.119149158041,0.027589426789231493,0.0005078320739797667,54.327854034541986,2.7589426789231495,54.327854034541986
40.54241714869779,2.18983275,1529.119149158041,0.02787662752527763,0.0005117746537789871,54.47051220578094,2.7876627525277633,54.47051220578094
40.54251857802335,2.18983275,1529.110024854916,0.02766657026175533,0.0005078320739797667,54.479761478905004,2.766657026175533,54.479761478905004
40.54262000734891,2.18983275,1529.100900551791,0.027523181522372146,0.0005117746537789871,53.779884015628085,2.7523181522372147,53.779884015628085
40.54272143667446,2.18983275,1529.100900551791,0.027217649143951746,0.0005078320739797667,53.59576627496783,2.7217649143951745,53.59576627496783
40.54282286600002,2.18983275,1529.100900551791,0.027401467815363754,0.0005078320739797667,53.95773370638952,2.7401467815363754,53.95773370638952
40.542924295325584,2.18983275,1529.091776248666,0.027358924477804615,0.0005078320739797667,53.87395928618456,2.7358924477804614,53.87395928618456
40.543025724651145,2.18983275,1529.082651945541,0.027214038490906766,0.0005039795132187572,53.998303060176674,2.7214038490906765,53.998303060176674
40.543127153976705,2.18983275,1529.073527642416,0.027792182520745758,0.0005117746537789871,54.30550793308333,2.7792182520745756,54.30550793308333
40.543228583302266,2.18983275,1529.073527642416,0.02784193115356276,0.0005117746537789871,54.40271601568307,2.784193115356276,54.40271601568307
40.54333001262782,2.18983275,1529.064403339291,0.02766768461266321,0.0005078320739797667,54.48195580841859,2.766768461266321,54.48195580841859
40.54343144195338,2.18983275,1529.064403339291,0.02795610518260199,0.0005117746537789871,54.62581035651484,2.795610518260199,54.62581035651484
40.54353287127894,2.18983275,1529.055279036166,0.027373670358164126,0.0005039795132187572,54.31504583060764,2.737367035816413,54.31504583060764
40.5436343006045,2.18983275,1529.055279036166,0.027396940309710346,0.0005078320739797667,53.9488183465976,2.7396940309710347,53.9488183465976
40.54373572993006,2.18983275,1529.046154733041,0.027278932845317683,0.0005078320739797667,53.716443373768755,2.7278932845317683,53.716443373768755
40.54383715925562,2.18983275,1529.046154733041,0.027003402313188724,0.0005039795132187572,53.580357147310544,2.7003402313188722,53.580357147310544
40.54393858858118,2.18983275,1529.037030429916,0.026851978424406772,0.0005039795132187572,53.27990071047076,2.6851978424406773,53.27990071047076
40.54404001790674,2.18983275,1529.027906126791,0.026374275575001233,0.0004965311344763606,53.117063047447004,2.637427557500123,53.117063047447004
40.5441414472323,2.18983275,1529.027906126791,0.026381913263989497,0.000500213599355808,52.74129551448624,2.6381913263989496,52.74129551448624
40.54424287655786,2.18983275,1529.018781823666,0.026442810225654062,0.000500213599355808,52.86303742982599,2.6442810225654063,52.86303742982599
40.54434430588341,2.18983275,1529.009657520541,0.0262613842822751,0.0004965311344763606,52.88970309982723,2.62613842822751,52.88970309982723
40.544445735208974,2.18983275,1529.009657520541,0.026123366419843017,0.0004965311344763606,52.61173893434214,2.6123366419843017,52.61173893434214
40.544547164534535,2.18983275,1529.000533217416,0.026371766296971803,0.0004965311344763606,53.11200943075471,2.6371766296971804,53.11200943075471
40.544648593860096,2.18983275,1529.000533217416,0.026379366628410963,0.000500213599355808,52.736204418238934,2.6379366628410965,52.736204418238934
40.54475002318566,2.18983275,1528.991408914291,0.02615501675526145,0.0004965311344763606,52.67548183628889,2.615501675526145,52.67548183628889
40.54485145251122,2.18983275,1528.982284611166,0.025908086799931677,0.0004929290834865898,52.55946071730723,2.5908086799931676,52.55946071730723
40.54495288183677,2.18983275,1528.982284611166,0.025816744372823112,0.0004929290834865898,52.37415530488872,2.5816744372823113,52.37415530488872
40.54505431116233,2.18983275,1528.973160308041,0.025564481307979763,0.0004894045636079284,52.235886644612435,2.5564481307979765,52.235886644612435
40.54515574048789,2.18983275,1528.964036004916,0.026332828016554104,0.000500213599355808,52.643166940016044,2.6332828016554104,52.643166940016044
40.54525716981345,2.18983275,1528.964036004916,0.026851001256379105,0.0005039795132187572,53.27796180620574,2.6851001256379106,53.27796180620574
40.545358599139014,2.18983275,1528.954911701791,0.026168875307248665,0.0004965311344763606,52.70339257747903,2.6168875307248665,52.70339257747903
40.54546002846457,2.18983275,1528.954911701791,0.026422006418211897,0.000500213599355808,52.82144758207104,2.64220064182119,52.82144758207104
40.54556145779013,2.18983275,1528.945787398666,0.026637837868482093,0.000500213599355808,53.25292615552076,2.6637837868482093,53.25292615552076
40.54566288711569,2.18983275,1528.936663095541,0.026988849573003564,0.0005078320739797667,53.14522448631094,2.6988849573003564,53.14522448631094
40.54576431644125,2.18983275,1528.936663095541,0.026717114027282635,0.0005039795132187572,53.012301743475454,2.6717114027282634,53.012301743475454
40.54586574576681,2.18983275,1528.927538792416,0.026143599459142318,0.0004965311344763606,52.65248771703558,2.6143599459142317,52.65248771703558
40.545967175092365,2.18983275,1528.927538792416,0.02676899686103552,0.0005039795132187572,53.115248058538,2.676899686103552,53.115248058538
40.546068604417925,2.18983275,1528.918414489291,0.02711594129274766,0.0005039795132187572,53.80365785023036,2.711594129274766,53.80365785023036
40.546170033743486,2.18983275,1528.918414489291,0.027163240155238435,0.0005078320739797667,53.48862655004474,2.7163240155238433,53.48862655004474
40.54627146306905,2.18983275,1528.900165883041,0.02708424393672005,0.0005078320739797667,53.333070761889594,2.708424393672005,53.333070761889594
40.54637289239461,2.18983275,1528.900165883041,0.02703027573325941,0.0005039795132187572,53.63367959269935,2.703027573325941,53.63367959269935
40.54647432172017,2.18983275,1528.900165883041,0.027304455732903302,0.0005078320739797667,53.76670189207305,2.7304455732903303,53.76670189207305
40.54657575104572,2.18983275,1528.891041579916,0.027059799723068205,0.0005039795132187572,53.69226131881007,2.7059799723068205,53.69226131881007
40.54667718037128,2.18983275,1528.881917276791,0.02747188601044618,0.0005117746537789861,53.67965335444324,2.747188601044618,53.67965335444324
40.546778609696844,2.18983275,1528.881917276791,0.02760847815939635,0.0005117746537789871,53.946552365446436,2.760847815939635,53.946552365446436
40.546880039022405,2.18983275,1528.872792973666,0.02703781240564076,0.0005078320739797667,53.24163988649132,2.703781240564076,53.24163988649132
40.546981468347965,2.18983275,1528.872792973666,0.027134953305603136,0.0005078320739797667,53.43292536241864,2.713495330560314,53.43292536241864
40.54708289767352,2.18983275,1528.863668670541,0.026513646273945035,0.000500213599355808,53.00464903011474,2.6513646273945035,53.00464903011474
40.54718432699908,2.18983275,1528.854544367416,0.026939535949783256,0.0005078320739797667,53.04811832514658,2.6939535949783258,53.04811832514658
40.54728575632464,2.18983275,1528.854544367416,0.026588784847022907,0.000500213599355808,53.15486200548094,2.658878484702291,53.15486200548094
40.5473871856502,2.18983275,1528.854544367416,0.026719114221572502,0.0005039795132187572,53.016270544264785,2.67191142215725,53.016270544264785
40.54748861497576,2.18983275,1528.845420064291,0.02671436768068751,0.0005039795132187552,53.00685242158243,2.6714367680687507,53.00685242158243
40.54759004430132,2.18983275,1528.836295761166,0.027042151252351414,0.0005039795132187572,53.65724308839813,2.7042151252351414,53.65724308839813
40.54769147362688,2.18983275,1528.836295761166,0.027060333381504296,0.0005078320739797657,53.28598717571844,2.7060333381504296,53.28598717571844
40.54779290295244,2.18983275,1528.827171458041,0.025773601072343496,0.0004929290834865898,52.2866309491042,2.5773601072343495,52.2866309491042
40.547894332278,2.18983275,1528.818047154916,0.02619425315708613,0.000500213599355808,52.366135568525074,2.619425315708613,52.366135568525074
40.54799576160356,2.18983275,1528.818047154916,0.026288501312364047,0.0005002135993558072,52.554551388085635,2.6288501312364048,52.554551388085635
40.54809719092912,2.18983275,1528.808922851791,0.025788695665502237,0.000492929083486589,52.31725319003999,2.5788695665502237,52.31725319003999
40.548198620254674,2.18983275,1528.799798548666,0.026179632287732693,0.0005002135993558072,52.33690631651709,2.6179632287732693,52.33690631651709
40.548300049580234,2.18983275,1528.799798548666,0.026255981637547096,0.0004965311344763598,52.87882232246438,2.6255981637547094,52.87882232246438
40.548401478905795,2.18983275,1528.790674245541,0.026326765460814278,0.000500213599355808,52.63104700615652,2.6326765460814276,52.63104700615652
40.548502908231356,2.18983275,1528.790674245541,0.026367338470496753,0.000500213599355808,52.71215837484927,2.6367338470496753,52.71215837484927
40.54860433755692,2.18983275,1528.781549942416,0.025916558969271045,0.0004929290834865881,52.5766481173274,2.5916558969271044,52.5766481173274
40.54870576688247,2.18983275,1528.781549942416,0.025917341958084355,0.0004965311344763598,52.19681135487446,2.5917341958084354,52.19681135487446
40.54880719620803,2.18983275,1528.772425639291,0.02631748560980931,0.0004965311344763606,53.00268962501939,2.631748560980931,53.00268962501939
40.54890862553359,2.18983275,1528.772425639291,0.026027305672224665,0.0004965311344763598,52.41827524002696,2.6027305672224665,52.41827524002696
40.54901005485915,2.18983275,1528.763301336166,0.02605198544107167,0.0004965311344763606,52.467979613294474,2.605198544107167,52.467979613294474
40.549111484184714,2.18983275,1528.754177033041,0.025884045425672776,0.0004929290834865881,52.51068823650987,2.5884045425672775,52.51068823650987
40.549212913510274,2.18983275,1528.754177033041,0.02588435149659669,0.0004965311344763606,52.13036947601323,2.588435149659669,52.13036947601323
40.54931434283583,2.18983275,1528.745052729916,0.025569900470781545,0.0004894045636079275,52.24695961614723,2.5569900470781546,52.24695961614723
40.54941577216139,2.18983275,1528.735928426791,0.0258384926171049,0.0004965311344763598,52.038010958475134,2.58384926171049,52.038010958475134
40.54951720148695,2.18983275,1528.726804123666,0.02602629773091171,0.0005002135993558072,52.030368155582536,2.602629773091171,52.030368155582536
40.54961863081251,2.18983275,1528.726804123666,0.02590872442851264,0.0004929290834865898,52.560754267642004,2.590872442851264,52.560754267642004
40.54972006013807,2.18983275,1528.717679820541,0.025853739712578278,0.0004965311344763606,52.0687181879209,2.5853739712578276,52.0687181879209
40.549821489463625,2.18983275,1528.717679820541,0.025834653677701616,0.0004929290834865898,52.41048772161655,2.583465367770162,52.41048772161655
40.549922918789186,2.18983275,1528.708555517416,0.025975950219752155,0.0004965311344763606,52.3148467762173,2.5975950219752155,52.3148467762173
40.550024348114746,2.18983275,1528.708555517416,0.026453362291907465,0.000500213599355808,52.88413255052441,2.6453362291907463,52.88413255052441
40.55012577744031,2.18983275,1528.699431214291,0.025894785054557157,0.000492929083486589,52.53247560764321,2.5894785054557157,52.53247560764321
40.55022720676587,2.18983275,1528.699431214291,0.02589524865740691,0.0004965311344763606,52.15231605711073,2.589524865740691,52.15231605711073
40.55032863609142,2.18983275,1528.690306911166,0.02615205144390165,0.0004965311344763606,52.669509781056284,2.615205144390165,52.669509781056284
40.55043006541698,2.18983275,1528.681182608041,0.0258552377299718,0.0004965311344763606,52.071735153604436,2.5855237729971803,52.071735153604436
40.55053149474254,2.18983275,1528.681182608041,0.02594810332383458,0.0004965311344763606,52.25876389644594,2.594810332383458,52.25876389644594
40.550632924068104,2.18983275,1528.672058304916,0.02629363534450932,0.0004965311344763606,52.95465584900021,2.629363534450932,52.95465584900021
40.550734353393665,2.18983275,1528.672058304916,0.026277941073440888,0.000500213599355808,52.53343992902733,2.627794107344089,52.53343992902733
40.550835782719226,2.18983275,1528.662934001791,0.025934900930329127,0.0004929290834865898,52.613858259054595,2.5934900930329126,52.613858259054595
40.55093721204478,2.18983275,1528.653809698666,0.026324717513569535,0.000500213599355808,52.62695286068071,2.6324717513569533,52.62695286068071
40.55103864137034,2.18983275,1528.653809698666,0.026041376081548058,0.0004965311344763606,52.44661265604456,2.6041376081548058,52.44661265604456
40.5511400706959,2.18983275,1528.644685395541,0.02590257259339271,0.0004929290834865898,52.54827410502629,2.5902572593392708,52.54827410502629
40.55124150002146,2.18983275,1528.635561092416,0.02629128592311301,0.000500213599355808,52.56011823143516,2.629128592311301,52.56011823143516
40.55134292934702,2.18983275,1528.635561092416,0.02594874780068387,0.0004929290834865898,52.64194925798045,2.594874780068387,52.64194925798045
40.551444358672576,2.18983275,1528.626436789291,0.02681177509593177,0.0005039795132187572,53.200128958999684,2.681177509593177,53.200128958999684
40.55154578799814,2.18983275,1528.626436789291,0.026907447708688165,0.0005039795132187572,53.38996328806867,2.6907447708688164,53.38996328806867
40.5516472173237,2.18983275,1528.617312486166,0.02680378298019468,0.000500213599355808,53.584674656413775,2.680378298019468,53.584674656413775
40.55174864664926,2.18983275,1528.608188183041,0.02716115116947976,0.0005078320739797667,53.48451301357135,2.716115116947976,53.48451301357135
40.55185007597482,2.18983275,1528.608188183041,0.026838161797891426,0.000500213599355808,53.653402931176835,2.6838161797891424,53.653402931176835
40.55195150530037,2.18983275,1528.599063879916,0.027036981598441055,0.0005039795132187572,53.6469854216185,2.7036981598441057,53.6469854216185
40.552052934625934,2.18983275,1528.599063879916,0.02713265421119745,0.0005039795132187572,53.83681975068748,2.713265421119745,53.83681975068748
40.552154363951495,2.18983275,1528.589939576791,0.027306246877206303,0.0005039795132187572,54.181263644646926,2.7306246877206304,54.181263644646926
40.552255793277055,2.18983275,1528.580815273666,0.027734125344119703,0.0005117746537789871,54.19206508045795,2.77341253441197,54.19206508045795
40.552357222602616,2.18983275,1528.580815273666,0.02779004152864089,0.0005078320739797667,54.72289552500403,2.779004152864089,54.72289552500403
40.55245865192818,2.18983275,1528.5716909705409,0.027676569195183222,0.0005117746537789871,54.079601228425645,2.767656919518322,54.079601228425645
40.55256008125373,2.18983275,1528.5716909705409,0.027922203795784317,0.0005117746537789871,54.559567554986195,2.7922203795784317,54.559567554986195
40.55266151057929,2.18983275,1528.562566667416,0.027195215366659548,0.0005039795132187572,53.960954073256545,2.7195215366659546,53.960954073256545
40.55276293990485,2.18983275,1528.562566667416,0.027203340462994562,0.0005078320739797667,53.56759026622334,2.720334046299456,53.56759026622334
40.55286436923041,2.18983275,1528.553442364291,0.027479294968525088,0.0005039795132187572,54.52462698934636,2.747929496852509,54.52462698934636
40.552965798555974,2.18983275,1528.544318061166,0.02790202601090853,0.0005117746537789871,54.52014046588205,2.790202601090853,54.52014046588205
40.55306722788153,2.18983275,1528.544318061166,0.028036831730361946,0.0005117746537789871,54.78354882043419,2.8036831730361946,54.78354882043419
40.55316865720709,2.18983275,1528.535193758041,0.027360752313432275,0.0005039795132187572,54.28941374757048,2.7360752313432277,54.28941374757048
40.55327008653265,2.18983275,1528.526069454916,0.027727365219588785,0.0005117746537789871,54.17885589848498,2.7727365219588784,54.17885589848498
40.55337151585821,2.18983275,1528.526069454916,0.02778338515942056,0.0005078320739797667,54.70978810315852,2.778338515942056,54.70978810315852
40.55347294518377,2.18983275,1528.516945151791,0.027761509427189614,0.0005117746537789871,54.24557316818309,2.7761509427189615,54.24557316818309
40.553574374509324,2.18983275,1528.516945151791,0.027860164498603998,0.0005117746537789871,54.43834369850519,2.7860164498603996,54.43834369850519
40.553675803834885,2.18983275,1528.507820848666,0.028078666388396505,0.0005117746537789871,54.86529311497017,2.8078666388396503,54.86529311497017
40.553777233160446,2.18983275,1528.507820848666,0.0276808988091172,0.0005117746537789871,54.08806122913496,2.76808988091172,54.08806122913496
40.55387866248601,2.18983275,1528.498696545541,0.027594763387891363,0.0005078320739797667,54.338362623765285,2.759476338789136,54.338362623765285
40.55398009181157,2.18983275,1528.498696545541,0.027208197134186818,0.0005117746537789871,53.164409243949855,2.720819713418682,53.164409243949855
40.55408152113713,2.18983275,1528.480447939291,0.02740704999284581,0.0005117746537789871,53.55296474819502,2.740704999284581,53.55296474819502
40.55418295046268,2.18983275,1528.480447939291,0.027134975904851536,0.0005039795132187562,53.841426472971314,2.7134975904851535,53.841426472971314
40.55428437978824,2.18983275,1528.480447939291,0.02755586282103397,0.0005117746537789871,53.84374278319405,2.755586282103397,53.84374278319405
40.5543858091138,2.18983275,1528.471323636166,0.027215566000886978,0.0005039795132187552,54.001333957148184,2.721556600088698,54.001333957148184
40.554487238439364,2.18983275,1528.462199333041,0.027505941601081173,0.0005117746537789871,53.74619746791871,2.7505941601081174,53.74619746791871
40.554588667764925,2.18983275,1528.462199333041,0.02760459667249555,0.0005117746537789871,53.9389679982408,2.760459667249555,53.9389679982408
40.55469009709048,2.18983275,1528.453075029916,0.026628562413288186,0.000500213599355808,53.234383166673894,2.662856241328819,53.234383166673894
40.55479152641604,2.18983275,1528.453075029916,0.02664018841590485,0.0005039795132187562,52.859665357749314,2.6640188415904853,52.859665357749314
40.5548929557416,2.18983275,1528.443950726791,0.02661127236336842,0.000500213599355808,53.19981783310033,2.661127236336842,53.19981783310033
40.55499438506716,2.18983275,1528.434826423666,0.02673199889825395,0.0005039795132187562,53.041836418161544,2.673199889825395,53.041836418161544
40.55509581439272,2.18983275,1528.434826423666,0.026291383730435967,0.000500213599355808,52.560313762550436,2.6291383730435967,52.560313762550436
40.555197243718276,2.18983275,1528.425702120541,0.026641703691260867,0.0005002135993558072,53.2606544995398,2.6641703691260865,53.2606544995398
40.555298673043836,2.18983275,1528.425702120541,0.026742251333660025,0.0005039795132187572,53.062179378811955,2.6742251333660025,53.062179378811955
40.5554001023694,2.18983275,1528.416577817416,0.02667899576110362,0.0005002135993558072,53.335206790582625,2.6678995761103623,53.335206790582625
40.55550153169496,2.18983275,1528.407453514291,0.02640504768940155,0.000500213599355808,52.78754460775729,2.640504768940155,52.78754460775729
40.55560296102052,2.18983275,1528.407453514291,0.026499295844679454,0.0005002135993558072,52.97596042731782,2.6499295844679454,52.97596042731782
40.55570439034608,2.18983275,1528.398329211166,0.02662913793069426,0.000500213599355808,53.23553370997542,2.6629137930694258,53.23553370997542
40.55580581967163,2.18983275,1528.398329211166,0.026640772631625183,0.0005039795132187562,52.86082456304439,2.6640772631625182,52.86082456304439
40.555907248997194,2.18983275,1528.389204908041,0.02573379074453749,0.000492929083486589,52.20586815960845,2.573379074453749,52.20586815960845
40.556008678322755,2.18983275,1528.380080604916,0.026181485218621372,0.0005002135993558072,52.340610595831095,2.618148521862137,52.340610595831095
40.556110107648315,2.18983275,1528.380080604916,0.02627573337389948,0.000500213599355808,52.529026415391854,2.627573337389948,52.529026415391854
40.556211536973876,2.18983275,1528.370956301791,0.025681639796934656,0.000492929083486589,52.10007008570711,2.5681639796934657,52.10007008570711
40.55631296629943,2.18983275,1528.361831998666,0.02654769245460472,0.0005039795132187562,52.67613416476611,2.654769245460472,52.67613416476611
40.55641439562499,2.18983275,1528.361831998666,0.026210176474081207,0.0004965311344763598,52.786571987519736,2.6210176474081206,52.786571987519736
40.55651582495055,2.18983275,1528.352707695541,0.02627913984487502,0.000500213599355808,52.535836448105734,2.627913984487502,52.535836448105734
40.55661725427611,2.18983275,1528.352707695541,0.02673823561041074,0.0005039795132187572,53.05421135006483,2.6738235610410737,53.05421135006483
40.55671868360167,2.18983275,1528.343583392416,0.02588578264035714,0.0004929290834865898,52.514212505502044,2.588578264035714,52.514212505502044
40.55682011292723,2.18983275,1528.343583392416,0.02628477690793536,0.000500213599355808,52.5471057599909,2.6284776907935363,52.5471057599909
40.55692154225279,2.18983275,1528.334459089291,0.026318769763865223,0.0004965311344763598,53.00527587584396,2.6318769763865224,53.00527587584396
40.55702297157835,2.18983275,1528.325334786166,0.026052717370668985,0.0004965311344763598,52.46945369930146,2.6052717370668983,52.46945369930146
40.55712440090391,2.18983275,1528.325334786166,0.02614558296453186,0.0004965311344763606,52.656482442143066,2.614558296453186,52.656482442143066
40.55722583022947,2.18983275,1528.316210483041,0.026276850971266325,0.0004965311344763606,52.92085258455699,2.6276850971266326,52.92085258455699
40.55732725955503,2.18983275,1528.316210483041,0.025952424961673645,0.0004965311344763606,52.2674675557716,2.5952424961673644,52.2674675557716
40.557428688880584,2.18983275,1528.307086179916,0.025970663714719736,0.0004929290834865898,52.68640984018195,2.5970663714719735,52.68640984018195
40.557530118206145,2.18983275,1528.297961876791,0.0262914544353775,0.000500213599355808,52.560455112049176,2.62914544353775,52.560455112049176
40.557631547531706,2.18983275,1528.297961876791,0.026504397116534274,0.000500213599355808,52.986158614375,2.6504397116534273,52.986158614375
40.55773297685727,2.18983275,1528.288837573666,0.026234057276595196,0.0004965311344763606,52.83466726464496,2.6234057276595197,52.83466726464496
40.55783440618283,2.18983275,1528.279713270541,0.026685377625729534,0.0005039795132187572,52.9493301330812,2.6685377625729534,52.9493301330812
40.55793583550838,2.18983275,1528.279713270541,0.02633729219614935,0.0004965311344763606,53.04257954322347,2.633729219614935,53.04257954322347
40.55803726483394,2.18983275,1528.270588967416,0.026245028135245967,0.000500213599355808,52.467642161359066,2.6245028135245967,52.467642161359066
40.5581386941595,2.18983275,1528.270588967416,0.026843332874205938,0.0005039795132187572,53.2627461437194,2.6843332874205936,53.2627461437194
40.558240123485064,2.18983275,1528.261464664291,0.02639145781859122,0.0004965311344763606,53.151667611787374,2.639145781859122,53.151667611787374
40.558341552810624,2.18983275,1528.252340361166,0.02691553979131596,0.0005039795132187572,53.4060196602337,2.691553979131596,53.4060196602337
40.55844298213618,2.18983275,1528.252340361166,0.02698204002286759,0.000500213599355808,53.94103650443724,2.698204002286759,53.94103650443724
40.55854441146174,2.18983275,1528.243216058041,0.026145805658355812,0.0004965311344763606,52.65693094135789,2.614580565835581,52.65693094135789
40.5586458407873,2.18983275,1528.234091754916,0.026360601306931693,0.000500213599355808,52.69868980147634,2.6360601306931692,52.69868980147634
40.55874727011286,2.18983275,1528.234091754916,0.026165394976561663,0.0004929290834865898,53.081459084313686,2.6165394976561664,53.081459084313686
40.55884869943842,2.18983275,1528.234091754916,0.026556498852594958,0.000500213599355808,53.09031758991622,2.655649885259496,53.09031758991622
40.55895012876398,2.18983275,1528.224967451791,0.026566213359220922,0.0004965311344763606,53.503620447159925,2.6566213359220923,53.503620447159925
40.559051558089536,2.18983275,1528.215843148666,0.026393739723418817,0.000500213599355808,52.76493833316321,2.6393739723418816,52.76493833316321
40.5591529874151,2.18983275,1528.215843148666,0.026092916948278505,0.0004965311344763606,52.55041453905196,2.6092916948278506,52.55041453905196
40.55925441674066,2.18983275,1528.206718845541,0.02626752642256525,0.0004965311344763606,52.902073200841386,2.626752642256525,52.902073200841386
40.55935584606622,2.18983275,1528.206718845541,0.026293429662437997,0.000500213599355808,52.5644038792619,2.6293429662437995,52.5644038792619
40.55945727539178,2.18983275,1528.197594542416,0.02582393499668659,0.0004929290834865898,52.38874284720336,2.582393499668659,52.38874284720336
40.55955870471733,2.18983275,1528.188470239291,0.02573821405775128,0.0004965311344763606,51.83605270774143,2.573821405775128,51.83605270774143
40.55966013404289,2.18983275,1528.188470239291,0.02586556578953455,0.0004965311344763606,52.09253558049738,2.586556578953455,52.09253558049738
40.559761563368454,2.18983275,1528.179345936166,0.025823376072571864,0.0004929290834865898,52.38760896378391,2.582337607257186,52.38760896378391
40.559862992694015,2.18983275,1528.170221633041,0.026161826243526688,0.000500213599355808,52.30130943504689,2.616182624352669,52.30130943504689
40.559964422019576,2.18983275,1528.170221633041,0.02618723840936989,0.0004965311344763606,52.74037535830825,2.618723840936989,52.74037535830825
40.560065851345136,2.18983275,1528.161097329916,0.02588150349690951,0.0004965311344763606,52.124633683251346,2.588150349690951,52.124633683251346
40.56016728067069,2.18983275,1528.161097329916,0.02597436909077231,0.0004965311344763606,52.31166242609289,2.597436909077231,52.31166242609289
40.56026870999625,2.18983275,1528.151973026791,0.026733167044749716,0.000500213599355808,53.4435030938335,2.6733167044749715,53.4435030938335
40.56037013932181,2.18983275,1528.151973026791,0.026746374031621507,0.0005039795132187572,53.07035966760019,2.674637403162151,53.07035966760019
40.56047156864737,2.18983275,1528.142848723666,0.026288049154049857,0.0004965311344763606,52.94340541560019,2.6288049154049857,52.94340541560019
40.56057299797293,2.18983275,1528.133724420541,0.026751241294722533,0.0005039795132187572,53.08001732822599,2.675124129472253,53.08001732822599
40.56067442729849,2.18983275,1528.133724420541,0.02677335924276691,0.0005039795132187562,53.12390392969352,2.677335924276691,53.12390392969352
40.56077585662405,2.18983275,1528.124600117416,0.02612587319725525,0.0004965311344763606,52.61678751486042,2.612587319725525,52.61678751486042
40.56087728594961,2.18983275,1528.124600117416,0.026297935015829253,0.000500213599355808,52.573410738325826,2.6297935015829252,52.573410738325826
40.56097871527517,2.18983275,1528.115475814291,0.025792336198381078,0.000492929083486589,52.32463870045275,2.579233619838108,52.32463870045275
40.56108014460073,2.18983275,1528.106351511166,0.026109381009332577,0.0005002135993558072,52.19646375659751,2.6109381009332577,52.19646375659751
40.561181573926284,2.18983275,1528.106351511166,0.026601986157025977,0.0005039795132187572,52.78386414385683,2.6601986157025976,52.78386414385683
40.561283003251845,2.18983275,1528.097227208041,0.025930271874734352,0.0004965311344763606,52.222851850126766,2.593027187473435,52.222851850126766
40.561384432577405,2.18983275,1528.088102904916,0.026265377668536222,0.0005039795132187572,52.115963009662025,2.6265377668536223,52.115963009662025
40.561485861902966,2.18983275,1528.088102904916,0.026341558082025686,0.0005002135993558072,52.66061961519895,2.6341558082025687,52.66061961519895
40.56158729122853,2.18983275,1528.078978601791,0.026538313842058594,0.0005039795132187572,52.65752505010929,2.6538313842058594,52.65752505010929
40.56168872055409,2.18983275,1528.078978601791,0.026633986454814997,0.0005039795132187572,52.847359379178286,2.6633986454814997,52.847359379178286
40.56179014987964,2.18983275,1528.069854298666,0.02688516072592901,0.0005039795132187562,53.34574128662904,2.688516072592901,53.34574128662904
40.5618915792052,2.18983275,1528.060729995541,0.026886575306178356,0.0005078320739797657,52.943830616042646,2.6886575306178355,52.943830616042646
40.56199300853076,2.18983275,1528.060729995541,0.026531668581573378,0.000500213599355808,53.04067825373352,2.6531668581573378,53.04067825373352
40.562094437856324,2.18983275,1528.051605692416,0.027086881749145357,0.0005078320739797667,53.33826502306462,2.7086881749145357,53.33826502306462
40.562195867181885,2.18983275,1528.042481389291,0.02713004986739949,0.0005078320739797667,53.423269733215825,2.713004986739949,53.423269733215825
40.56229729650744,2.18983275,1528.042481389291,0.02745871454335094,0.0005078320739797667,54.070461379414496,2.7458714543350937,54.070461379414496
40.562398725833,2.18983275,1528.042481389291,0.027483704519638583,0.0005117746537789871,53.70274654419987,2.7483704519638583,53.70274654419987
40.56250015515856,2.18983275,1528.033357086166,0.027031106291914006,0.0005039795132187552,53.6353275935266,2.7031106291914004,53.6353275935266
40.56260158448412,2.18983275,1528.024232783041,0.02736255914105489,0.0005117746537789871,53.46603029088575,2.736255914105489,53.46603029088575
40.56270301380968,2.18983275,1528.024232783041,0.02746121421246928,0.0005117746537789871,53.658800821207855,2.746121421246928,53.658800821207855
40.562804443135235,2.18983275,1528.015108479916,0.026758796642097474,0.0005039795132187572,53.09500870620223,2.6758796642097473,53.09500870620223
40.562905872460796,2.18983275,1528.005984176791,0.02719211160374108,0.0005117746537789861,53.132978358643385,2.719211160374108,53.132978358643385
40.56300730178636,2.18983275,1528.005984176791,0.02725634668885725,0.0005078320739797667,53.671967733852135,2.725634668885725,53.671967733852135
40.56310873111192,2.18983275,1527.996859873666,0.026404385127364358,0.0005039795132187572,52.39178267133902,2.6404385127364356,52.39178267133902
40.56321016043748,2.18983275,1527.987735570541,0.026547093537426795,0.0005039795132187562,52.67494578872658,2.6547093537426796,52.67494578872658
40.56331158976304,2.18983275,1527.987735570541,0.02640339280492498,0.0005002135993558072,52.7842362521295,2.6403392804924977,52.7842362521295
40.56341301908859,2.18983275,1527.987735570541,0.026759962377524815,0.0005078320739797667,52.69451015138323,2.6759962377524813,52.69451015138323
40.56351444841415,2.18983275,1527.978611267416,0.026846891080043806,0.0005039795132187572,53.26980636292383,2.6846891080043807,53.26980636292383
40.563615877739714,2.18983275,1527.969486964291,0.026195772588286714,0.000500213599355808,52.36917313328249,2.6195772588286714,52.36917313328249
40.563717307065275,2.18983275,1527.960362661166,0.026446405752116348,0.000500213599355808,52.87022541205381,2.6446405752116346,52.87022541205381
40.563818736390836,2.18983275,1527.960362661166,0.02707678311631211,0.0005039795132187572,53.72595989741981,2.707678311631211,53.72595989741981
40.56392016571639,2.18983275,1527.960362661166,0.027095496740542936,0.0005078320739797657,53.355229275302804,2.7095496740542937,53.355229275302804
40.56402159504195,2.18983275,1527.9512383580409,0.026325326877338826,0.0004965311344763606,53.01848172139576,2.6325326877338826,53.01848172139576
40.56412302436751,2.18983275,1527.942114054916,0.02624823906958877,0.000500213599355808,52.47406128780212,2.624823906958877,52.47406128780212
40.56422445369307,2.18983275,1527.942114054916,0.025949815943185035,0.0004965311344763606,52.262213064547474,2.5949815943185035,52.262213064547474
40.56432588301863,2.18983275,1527.932989751791,0.02593944566881805,0.0004929290834865898,52.623078121791806,2.593944566881805,52.623078121791806
40.564427312344186,2.18983275,1527.923865448666,0.026248245260968067,0.000500213599355808,52.47407366527308,2.624824526096807,52.47407366527308
40.56452874166975,2.18983275,1527.923865448666,0.02635746706185768,0.0004965311344763606,53.08321116591035,2.6357467061857682,53.08321116591035
40.56463017099531,2.18983275,1527.914741145541,0.02590530976260082,0.0004965311344763606,52.17257884527309,2.590530976260082,52.17257884527309
40.56473160032087,2.18983275,1527.914741145541,0.02599817535646361,0.0004965311344763606,52.35960758811461,2.599817535646361,52.35960758811461
40.56483302964643,2.18983275,1527.905616842416,0.025425521979265144,0.0004894045636079284,51.95195114615652,2.5425521979265144,51.95195114615652
40.56493445897199,2.18983275,1527.905616842416,0.025811653008029824,0.0004965311344763606,51.98395672660219,2.5811653008029825,51.98395672660219
40.565035888297544,2.18983275,1527.896492539291,0.025914579175946913,0.0004929290834865898,52.572631731622955,2.5914579175946915,52.572631731622955
40.565137317623105,2.18983275,1527.887368236166,0.025180390530856345,0.0004894045636079284,51.45107423033524,2.5180390530856345,51.45107423033524
40.565238746948665,2.18983275,1527.887368236166,0.02527060950789594,0.0004894045636079275,51.63541860255469,2.527060950789594,51.63541860255469
40.565340176274226,2.18983275,1527.878243933041,0.025256484823569902,0.00048595483468833573,51.972905753202355,2.5256484823569902,51.972905753202355
40.56544160559979,2.18983275,1527.878243933041,0.0250637240698737,0.0004894045636079275,51.212689732809245,2.50637240698737,51.212689732809245
40.56554303492534,2.18983275,1527.869119629916,0.024532437827863,0.00047926944925132353,51.18715133248242,2.4532437827863003,51.18715133248242
40.5656444642509,2.18983275,1527.859995326791,0.024486152697756218,0.00048257729025631707,50.7403750490426,2.4486152697756216,50.7403750490426
40.56574589357646,2.18983275,1527.859995326791,0.02489963183073713,0.00048595483468833573,51.23857209221174,2.489963183073713,51.23857209221174
40.56584732290202,2.18983275,1527.850871023666,0.024961317879840832,0.0004859548346883349,51.36550991585395,2.4961317879840834,51.36550991585395
40.565948752227584,2.18983275,1527.850871023666,0.02449375486694713,0.00048257729025631625,50.75612831664232,2.4493754866947133,50.75612831664232
40.56605018155314,2.18983275,1527.841746720541,0.02441992220612076,0.0004792694492513227,50.952386479604854,2.441992220612076,50.952386479604854
40.5661516108787,2.18983275,1527.832622417416,0.02464933530418342,0.0004859548346883349,50.72351079703151,2.464933530418342,50.72351079703151
40.56625304020426,2.18983275,1527.832622417416,0.02487298000588658,0.0004859548346883349,51.18372784960306,2.487298000588658,51.18372784960306
40.56635446952982,2.18983275,1527.823498114291,0.023912387437373287,0.0004792694492513227,49.893410637225784,2.3912387437373286,49.893410637225784
40.56645589885538,2.18983275,1527.814373811166,0.02451327075830597,0.0004859548346883349,50.44351657500733,2.451327075830597,50.44351657500733
40.56655732818094,2.18983275,1527.814373811166,0.024264600939433806,0.0004792694492513227,50.62830726502194,2.4264600939433807,50.62830726502194
40.566658757506495,2.18983275,1527.805249508041,0.024258154274510006,0.00048257729025631625,50.267915138786414,2.4258154274510004,50.267915138786414
40.566760186832056,2.18983275,1527.796125204916,0.024646687819442688,0.0004859548346883349,50.71806279126688,2.464668781944269,50.71806279126688
40.56686161615762,2.18983275,1527.796125204916,0.02499458740584932,0.0004894045636079284,51.07142283591981,2.4994587405849322,51.07142283591981
40.56696304548318,2.18983275,1527.796125204916,0.024912688270509704,0.0004894045636079284,50.90407839038409,2.49126882705097,50.90407839038409
40.56706447480874,2.18983275,1527.787000901791,0.024945209548960224,0.00048595483468833573,51.3323621215924,2.4945209548960223,51.3323621215924
40.56716590413429,2.18983275,1527.777876598666,0.02491352121372575,0.0004894045636079284,50.905780342670575,2.491352121372575,50.905780342670575
40.56726733345985,2.18983275,1527.777876598666,0.024879562499992704,0.00048595483468833573,51.19727333497786,2.4879562499992702,51.19727333497786
40.567368762785414,2.18983275,1527.768752295541,0.025299556906122674,0.0004929290834865898,51.32494258032748,2.5299556906122675,51.32494258032748
40.567470192110974,2.18983275,1527.768752295541,0.025267971801510684,0.0004929290834865898,51.26086621382749,2.5267971801510685,51.26086621382749
40.567571621436535,2.18983275,1527.759627992416,0.02483010282017491,0.0004859548346883332,51.09549498792348,2.483010282017491,51.09549498792348
40.56767305076209,2.18983275,1527.750503689291,0.024919045275669925,0.0004894045636079284,50.917067654549015,2.4919045275669927,50.917067654549015
40.56777448008765,2.18983275,1527.750503689291,0.024897806525257273,0.0004859548346883349,51.23481597055285,2.4897806525257273,51.23481597055285
40.56787590941321,2.18983275,1527.732255083041,0.02492499533571264,0.000492929083486589,50.56507349782044,2.492499533571264,50.56507349782044
40.56797733873877,2.18983275,1527.741379386166,0.024964918052807906,0.0004894045636079275,51.01079946775453,2.4964918052807907,51.01079946775453
40.56807876806433,2.18983275,1527.732255083041,0.025394363928286874,0.0004894045636079275,51.888285922545755,2.5394363928286876,51.888285922545755
40.56818019738989,2.18983275,1527.723130779916,0.02509653062524296,0.0004894045636079275,51.279723344280725,2.509653062524296,51.279723344280725
40.56828162671545,3.7227156750000003,1527.6729471127285,0.019417590311395935,0.0003710700899704988,52.32863234258437,1.9417590311395936,52.32863234258437
40.56838305604101,3.7227156750000003,1527.6638228096035,0.019841151314913222,0.00037107008997049957,53.470090560224385,1.9841151314913221,53.470090560224385
40.56848448536657,3.7227156750000003,1527.6638228096035,0.020274582369046657,0.0003695654571985766,54.86059904714695,2.027458236904666,54.86059904714695
40.56858591469213,3.7227156750000003,1527.6546985064786,0.020873169958833485,0.00036956545719857704,56.48030559202884,2.0873169958833486,56.48030559202884
40.56868734401769,3.7227156750000003,1527.6455742033536,0.021133680821149897,0.0003666106240825593,57.64612216036236,2.11336808211499,57.64612216036236
40.56878877334324,3.7227156750000003,1527.6455742033536,0.02169824293673722,0.00036956545719857737,58.71285455414783,2.169824293673722,58.71285455414783
40.568890202668804,3.7227156750000003,1527.6455742033536,0.02228404631613149,0.0003695654571985766,60.29796855217917,2.228404631613149,60.29796855217917
40.568991631994365,3.7227156750000003,1527.6364499002284,0.022937358016207627,0.00037259336567975395,61.56136992498791,2.2937358016207625,61.56136992498791
40.569093061319926,3.7227156750000003,1527.6364499002284,0.023685459112665064,0.00037259336567975395,63.569191763395075,2.3685459112665064,63.569191763395075
40.569194490645486,3.7227156750000003,1527.6273255971034,0.023739997775134303,0.0003710700899704988,63.97712566114317,2.37399977751343,63.97712566114317
40.56929591997104,3.7227156750000003,1527.6273255971034,0.024181688319165527,0.00036956545719857704,65.43276122847186,2.4181688319165526,65.43276122847186
40.5693973492966,3.7227156750000003,1527.6182012939785,0.02447534308771917,0.0003695654571985766,66.22735596895346,2.447534308771917,66.22735596895346
40.56949877862216,3.7227156750000003,1527.6182012939785,0.02478586108102013,0.00037107008997049805,66.79563174437135,2.478586108102013,66.79563174437135
40.56960020794772,3.7227156750000003,1527.6090769908535,0.02544724411930618,0.0003710700899704988,68.57799862373524,2.544724411930618,68.57799862373524
40.56970163727328,3.7227156750000003,1527.6090769908535,0.02582793948573697,0.00037259336567975433,69.31937566471916,2.582793948573697,69.31937566471916
40.569803066598844,3.7227156750000003,1527.5999526877285,0.02647964054343685,0.00037259336567975433,71.06847030173967,2.647964054343685,71.06847030173967
40.5699044959244,3.7227156750000003,1527.5999526877285,0.026742788858351775,0.0003725933656797547,71.77473170935978,2.6742788858351774,71.77473170935978
40.57000592524996,3.7227156750000003,1527.5908283846036,0.02705033268577241,0.0003725933656797547,72.60014583572125,2.705033268577241,72.60014583572125
40.57010735457552,2.8467825749999998,1527.5999526877285,0.03132135468378573,0.0004225190686289888,74.13003816707929,3.132135468378573,74.13003816707929
40.57020878390108,2.8467825749999998,1527.5908283846036,0.03185416372604754,0.0004247767254142987,74.99036981129116,3.1854163726047537,74.99036981129116
40.57031021322664,2.8467825749999998,1527.5908283846036,0.03224040170731155,0.0004202971953114697,76.70858161073178,3.224040170731155,76.70858161073178
40.570411642552195,2.8467825749999998,1527.5817040814784,0.0328891786094357,0.0004225190686289893,77.84069655401856,3.2889178609435703,77.84069655401856
40.570513071877755,2.18983275,1527.577141929916,0.037747046943751666,0.0004792694492513227,78.75955165245178,3.7747046943751665,78.75955165245178
40.570614501203316,2.18983275,1527.577141929916,0.03906174090195377,0.0004792694492513227,81.50267237557698,3.9061740901953774,81.50267237557698
40.57071593052888,2.18983275,1527.577141929916,0.03929835923228588,0.0004792694492513227,81.99637864185733,3.9298359232285884,81.99637864185733
40.57081735985444,2.18983275,1527.568017626791,0.04035286950598824,0.0004792694492513227,84.19662377609158,4.035286950598824,84.19662377609158
40.57091878917999,2.18983275,1527.568017626791,0.041651289725177086,0.00048257729025631625,86.3100907691997,4.165128972517708,86.3100907691997
40.57102021850555,2.18983275,1527.568017626791,0.042075273443303064,0.00048257729025631707,87.18867276360045,4.207527344330306,87.18867276360045
40.57112164783111,2.18983275,1527.558893323666,0.042135125375809615,0.0004760289483709158,88.51378791144116,4.213512537580962,88.51378791144116
40.571223077156674,2.18983275,1527.549769020541,0.043235188469959246,0.00048257729025631707,89.59225670771872,4.323518846995925,89.59225670771872
40.571324506482235,2.18983275,1527.549769020541,0.04361563380379383,0.00047926944925132353,91.00441071703338,4.361563380379383,91.00441071703338
40.571425935807795,2.18983275,1527.540644717416,0.04438613657306064,0.00048595483468833573,91.3379874109647,4.438613657306064,91.3379874109647
40.57152736513335,2.18983275,1527.540644717416,0.04472313961770295,0.00048595483468833573,92.0314737611076,4.472313961770295,92.0314737611076
40.57162879445891,2.18983275,1527.540644717416,0.04405683892217615,0.00047926944925132353,91.92498914962809,4.405683892217615,91.92498914962809
40.57173022378447,2.18983275,1527.531520414291,0.04414606627261316,0.00047926944925132353,92.11116281577017,4.414606627261316,92.11116281577017
40.57183165311003,2.18983275,1527.531520414291,0.04428746620374075,0.00047926944925132353,92.4061950389767,4.428746620374075,92.4061950389767
40.57193308243559,2.18983275,1527.522396111166,0.04394350113478803,0.00048257729025631707,91.06002711285439,4.394350113478803,91.06002711285439
40.572034511761146,2.18983275,1527.522396111166,0.04386387107384695,0.00048257729025631707,90.89501714958242,4.386387107384695,90.89501714958242
40.57213594108671,2.18983275,1527.522396111166,0.043039349533678196,0.00047926944925132353,89.80198842407091,4.303934953367819,89.80198842407091
40.57223737041227,2.18983275,1527.513271808041,0.042669353552442016,0.00048257729025631707,88.41972967641833,4.266935355244201,88.41972967641833
40.57233879973783,2.18983275,1527.513271808041,0.04144257567863008,0.0004760289483709158,87.05894005071839,4.144257567863008,87.05894005071839
40.57244022906339,2.18983275,1527.513271808041,0.0408005415312527,0.00047926944925132353,85.13069546783765,4.080054153125269,85.13069546783765
40.57254165838895,2.18983275,1527.504147504916,0.040491396330966094,0.00048257729025631707,83.9065516519839,4.049139633096609,83.9065516519839
40.5726430877145,2.18983275,1527.495023201791,0.03919595004523022,0.00047926944925132353,81.78270095550427,3.919595004523022,81.78270095550427
40.572744517040064,2.8467825749999998,1527.4995853533535,0.03331227546002647,0.00042029719531147026,79.2588573790974,3.3312275460026473,79.2588573790974
40.572845946365625,2.8467825749999998,1527.4904610502285,0.033236477150123934,0.0004225190686289899,78.6626678364393,3.3236477150123935,78.6626678364393
40.572947375691186,2.8467825749999998,1527.4904610502285,0.0326031144479419,0.00042477672541429984,76.75353308527656,3.26031144479419,76.75353308527656
40.57304880501675,2.8467825749999998,1527.4813367471036,0.03214549436424968,0.00042477672541429984,75.67621397546449,3.214549436424968,75.67621397546449
40.5731502343423,2.8467825749999998,1527.4813367471036,0.031030303274864442,0.00042029719531147026,73.82943217565078,3.103030327486444,73.82943217565078
40.57325166366786,3.7227156750000003,1527.4813367471036,0.026513983239110927,0.0003695654571985778,71.74367279911722,2.6513983239110925,71.74367279911722
40.57335309299342,3.7227156750000003,1527.4722124439786,0.026105617904436926,0.0003695654571985778,70.63868496348579,2.6105617904436924,70.63868496348579
40.57345452231898,3.7227156750000003,1527.4722124439786,0.02556140293697757,0.0003680790906251201,69.44540884831531,2.556140293697757,69.44540884831531
40.57355595164454,3.7227156750000003,1527.4722124439786,0.025415405925772162,0.0003695654571985778,68.7710537625159,2.541540592577216,68.7710537625159
40.5736573809701,3.7227156750000003,1527.4630881408534,0.02506641025134419,0.0003695654571985778,67.82671313860189,2.506641025134419,67.82671313860189
40.57375881029566,3.7227156750000003,1527.4630881408534,0.024368022024968874,0.0003680790906251201,66.20322274645895,2.4368022024968874,66.20322274645895
40.57386023962122,3.7227156750000003,1527.4539638377285,0.024212327890559333,0.0003695654571985778,65.51566825021034,2.4212327890559333,65.51566825021034
40.57396166894678,3.7227156750000003,1527.4539638377285,0.023395689109559643,0.0003695654571985778,63.30594121784626,2.3395689109559643,63.30594121784626
40.57406309827234,3.7227156750000003,1527.4448395346035,0.02306292144401328,0.0003695654571985778,62.40551164829491,2.3062921444013282,62.40551164829491
40.5741645275979,3.7227156750000003,1527.4448395346035,0.02275942241408836,0.0003695654571985778,61.584279511975836,2.2759422414088357,61.584279511975836
40.574265956923455,3.7227156750000003,1527.4357152314785,0.022225661264579318,0.00037107008997049995,59.896127080321286,2.2225661264579317,59.896127080321286
40.574367386249016,3.7227156750000003,1527.4265909283536,0.021780086151192733,0.0003695654571985778,58.934312520149,2.1780086151192735,58.934312520149
40.574468815574576,3.7227156750000003,1527.4265909283536,0.021158997857887014,0.00037107008997049957,57.021566625241,2.1158997857887014,57.021566625241
40.57457024490014,3.7227156750000003,1527.4174666252286,0.020833002798696678,0.0003725933656797547,55.91350978751113,2.083300279869668,55.91350978751113
40.5746716742257,3.7227156750000003,1527.4174666252286,0.02024120903837896,0.0003725933656797551,54.325199809854716,2.024120903837896,54.325199809854716
40.57477310355125,3.7227156750000003,1527.4174666252286,0.0194479733969292,0.00037107008997049957,52.410511982993114,1.9447973396929201,52.410511982993114
40.57487453287681,2.18983275,1527.367282958041,0.024893189495299443,0.00048595483468833573,51.22531502596233,2.4893189495299444,51.22531502596233
40.57497596220237,2.18983275,1527.358158654916,0.024846414174250642,0.0004894045636079275,50.76866057619282,2.484641417425064,50.76866057619282
40.575077391527934,2.18983275,1527.358158654916,0.024764515038911025,0.0004894045636079275,50.60131613065711,2.4764515038911026,50.60131613065711
40.575178820853495,2.18983275,1527.349034351791,0.024536208234514113,0.00048257729025631625,50.844100478665176,2.4536208234514114,50.844100478665176
40.57528025017905,2.18983275,1527.339910048666,0.024920839210394462,0.0004894045636079275,50.9207332001078,2.492083921039446,50.9207332001078
40.57538167950461,2.18983275,1527.339910048666,0.024886777693653928,0.00048595483468833573,51.21212079228498,2.4886777693653928,51.21212079228498
40.57548310883017,2.18983275,1527.330785745541,0.02448130286864806,0.0004859548346883349,50.37773291081473,2.448130286864806,50.37773291081473
40.57558453815573,2.18983275,1527.321661442416,0.024458697089261076,0.0004859548346883349,50.331214638388275,2.4458697089261077,50.331214638388275
40.57568596748129,2.18983275,1527.321661442416,0.023838568054346383,0.0004760289483709142,50.07797978658169,2.3838568054346383,50.07797978658169
40.57578739680685,2.18983275,1527.312537139291,0.023775137195662387,0.0004792694492513227,49.60703677816738,2.3775137195662386,49.60703677816738
40.575888826132406,2.18983275,1527.312537139291,0.024148392313502954,0.0004792694492513227,50.385836925816335,2.4148392313502955,50.385836925816335
40.57599025545797,2.18983275,1527.303412836166,0.024271768429583084,0.0004825772902563154,50.296126485130316,2.4271768429583083,50.296126485130316
40.57609168478353,2.18983275,1527.303412836166,0.024192138368642088,0.00048257729025631625,50.13111652185843,2.4192138368642087,50.13111652185843
40.57619311410909,2.18983275,1527.294288533041,0.024203932529144268,0.0004792694492513219,50.50172208337878,2.420393252914427,50.50172208337878
40.57629454343465,2.18983275,1527.285164229916,0.02421395854133989,0.00048257729025631625,50.17633243470467,2.421395854133989,50.17633243470467
40.5763959727602,2.18983275,1527.276039926791,0.02457411800233392,0.0004859548346883332,50.568728301868866,2.457411800233392,50.568728301868866
40.576497402085764,2.18983275,1527.276039926791,0.02488460600817599,0.0004894045636079267,50.84669792354372,2.488460600817599,50.84669792354372
40.576598831411324,2.18983275,1527.276039926791,0.024802706872836457,0.0004894045636079275,50.679353478008096,2.4802706872836455,50.679353478008096
40.576700260736885,2.18983275,1527.266915623666,0.024153821547327696,0.0004792694492513227,50.397165070836266,2.4153821547327694,50.397165070836266
40.576801690062446,2.18983275,1527.257791320541,0.024659439117741773,0.0004859548346883349,50.74430246909057,2.4659439117741773,50.74430246909057
40.576903119388,2.18983275,1527.257791320541,0.024587232318467756,0.0004825772902563154,50.94983293848853,2.4587232318467755,50.94983293848853
40.57700454871356,2.18983275,1527.248667017416,0.023643213629497863,0.0004760289483709142,49.6675962888615,2.364321362949786,49.6675962888615
40.57710597803912,2.18983275,1527.248667017416,0.024248469168338452,0.0004825772902563154,50.24784559476298,2.4248469168338453,50.24784559476298
40.57720740736468,2.18983275,1527.239542714291,0.024437025594944144,0.00047926944925132353,50.98807285362694,2.4437025594944144,50.98807285362694
40.57730883669024,2.18983275,1527.230418411166,0.024031209309776702,0.00047926944925132353,50.141333538610354,2.4031209309776704,50.141333538610354
40.577410266015804,2.18983275,1527.230418411166,0.0240105894190158,0.0004760289483709142,50.43934723126781,2.40105894190158,50.43934723126781
40.57751169534136,2.18983275,1527.221294108041,0.024067255210694742,0.0004792694492513219,50.21654363383848,2.406725521069474,50.21654363383848
40.57761312466692,2.18983275,1527.212169804916,0.02465342095862017,0.0004859548346883349,50.73191827473337,2.465342095862017,50.73191827473337
40.57771455399248,2.18983275,1527.212169804916,0.02474678877110388,0.0004825772902563154,51.28046692367125,2.4746788771103883,51.28046692367125
40.57781598331804,2.18983275,1527.203045501791,0.023978953718396354,0.0004792694492513227,50.03230177899802,2.397895371839635,50.03230177899802
40.5779174126436,2.18983275,1527.193921198666,0.024347933977903503,0.0004825772902563154,50.453957261377504,2.4347933977903504,50.453957261377504
40.578018841969154,2.18983275,1527.193921198666,0.02428619620252793,0.00048257729025631707,50.32602381605756,2.428619620252793,50.32602381605756
40.578120271294715,2.18983275,1527.184796895541,0.024391577705731526,0.00048595483468833573,50.19309607522461,2.4391577705731526,50.19309607522461
40.578221700620276,2.18983275,1527.184796895541,0.024154115045321514,0.0004792694492513227,50.39777745703004,2.4154115045321514,50.39777745703004
40.57832312994584,2.18983275,1527.175672592416,0.024784231960974692,0.0004894045636079284,50.64160370361775,2.478423196097469,50.64160370361775
40.5784245592714,2.18983275,1527.175672592416,0.024816177869763246,0.00048595483468833573,51.066840163611,2.4816177869763245,51.066840163611
40.57852598859695,2.18983275,1527.166548289291,0.02449018965910699,0.00048595483468833573,50.39602018737735,2.449018965910699,50.39602018737735
40.57862741792251,2.18983275,1527.166548289291,0.024409441040474624,0.0004859548346883349,50.22985532416715,2.440944104047462,50.22985532416715
40.57872884724807,2.18983275,1527.157423986166,0.024461018904605614,0.00048257729025631625,50.68829262896598,2.4461018904605614,50.68829262896598
40.57883027657363,2.18983275,1527.148299683041,0.02488277810864263,0.0004894045636079284,50.842962977714926,2.488277810864263,50.842962977714926
40.578931705899194,2.18983275,1527.148299683041,0.02484925127316911,0.0004859548346883349,51.13489875886526,2.4849251273169113,51.13489875886526
40.579033135224755,2.18983275,1527.139175379916,0.023803546002148165,0.0004792694492513219,49.666312007436,2.3803546002148166,49.666312007436
40.57913456455031,2.18983275,1527.130051076791,0.02439629365743183,0.0004859548346883349,50.20280058141265,2.439629365743183,50.20280058141265
40.57923599387587,2.18983275,1527.130051076791,0.024466473600632265,0.00048257729025631625,50.69959588781547,2.4466473600632264,50.69959588781547
40.57933742320143,2.18983275,1527.130051076791,0.02400830257895918,0.0004859548346883349,49.40439083059397,2.400830257895918,49.40439083059397
40.57943885252699,2.18983275,1527.111802470541,0.02375323370064676,0.0004792694492513219,49.561334939567395,2.375323370064676,49.561334939567395
40.57954028185255,2.18983275,1527.111802470541,0.02432156763118522,0.0004859548346883349,50.049029035350074,2.432156763118522,50.049029035350074
40.579641711178105,2.18983275,1527.111802470541,0.024332666406872712,0.00048595483468833405,50.07186814486249,2.4332666406872714,50.07186814486249
40.579743140503666,2.18983275,1527.093553864291,0.02447288928163891,0.0004894045636079275,50.00543742629394,2.447288928163891,50.00543742629394
40.57984456982923,2.18983275,1527.093553864291,0.024304925056151727,0.00048595483468833405,50.01478187111696,2.430492505615173,50.01478187111696
40.57994599915479,2.18983275,1527.093553864291,0.024660600775870803,0.0004859548346883349,50.7466929343069,2.4660600775870805,50.7466929343069
40.58004742848035,2.18983275,1527.084429561166,0.025245342871127154,0.000492929083486589,51.214959142929125,2.5245342871127154,51.214959142929125
40.5801488578059,2.18983275,1527.075305258041,0.024793087942906692,0.0004894045636079284,50.659699125259735,2.4793087942906693,50.659699125259735
40.58025028713146,2.18983275,1527.066180954916,0.02530691687925603,0.0004965311344763598,50.96743209455461,2.530691687925603,50.96743209455461
40.580351716457024,2.18983275,1527.066180954916,0.025176575040412985,0.0004929290834865898,51.07545057462189,2.5176575040412983,51.07545057462189
40.580453145782585,2.18983275,1527.066180954916,0.02556278808257642,0.0004929290834865898,51.858956874213035,2.556278808257642,51.858956874213035
40.580554575108145,2.18983275,1527.057056651791,0.025222804506679686,0.000492929083486589,51.16923580218394,2.5222804506679686,51.16923580218394
40.580656004433706,2.18983275,1527.047932348666,0.02581935975911226,0.0004965311344763598,51.99947791056703,2.581935975911226,51.99947791056703
40.58075743375926,2.18983275,1527.047932348666,0.025960332092568626,0.0004965311344763598,52.2833922991482,2.5960332092568628,52.2833922991482
40.58085886308482,2.18983275,1527.038808045541,0.025157905257583588,0.0004929290834865898,51.037575384346354,2.5157905257583586,51.037575384346354
40.58096029241038,2.18983275,1527.029683742416,0.02570976563038626,0.0004965311344763606,51.77875836023789,2.570976563038626,51.77875836023789
40.58106172173594,2.18983275,1527.029683742416,0.02561299970177966,0.0004965311344763606,51.58387445087609,2.561299970177966,51.58387445087609
40.5811631510615,2.18983275,1527.020559439291,0.025844618703578508,0.0004965311344763606,52.050348727545796,2.584461870357851,52.050348727545796
40.58126458038706,2.18983275,1527.020559439291,0.025984745264294878,0.0004965311344763606,52.33255975317291,2.598474526429488,52.33255975317291
40.58136600971262,2.18983275,1527.011435136166,0.025970411965701847,0.0005002135993558072,51.91864435342715,2.5970411965701845,51.91864435342715
40.58146743903818,2.18983275,1527.011435136166,0.025955176489593976,0.0004965311344763606,52.273009057057784,2.595517648959398,52.273009057057784
40.58156886836374,2.18983275,1527.002310833041,0.025672964852294276,0.0004965311344763606,51.704642608904805,2.5672964852294275,51.704642608904805
40.5816702976893,2.18983275,1527.002310833041,0.025947752917379153,0.000500213599355808,51.8733456083472,2.5947752917379154,51.8733456083472
40.58177172701485,2.18983275,1526.993186529916,0.02561264841922044,0.0004929290834865898,51.960108009973474,2.561264841922044,51.960108009973474
40.581873156340414,2.18983275,1526.984062226791,0.026579422454912585,0.0005039795132187572,52.73909307376058,2.6579422454912587,52.73909307376058
40.581974585665975,2.18983275,1526.984062226791,0.02651852807423761,0.0005002135993558072,53.01440846148348,2.651852807423761,53.01440846148348
40.582076014991536,2.18983275,1526.974937923666,0.02616783163053273,0.0005002135993558072,52.313315080262896,2.616783163053273,52.313315080262896
40.5821774443171,2.18983275,1526.965813620541,0.026424364674330573,0.000500213599355808,52.826162080280824,2.642436467433057,52.826162080280824
40.58227887364266,2.18983275,1526.965813620541,0.02656743577117975,0.000500213599355808,53.11218208660098,2.656743577117975,53.11218208660098
40.58238030296821,2.18983275,1526.956689317416,0.026154783344201602,0.000500213599355808,52.28722965126221,2.6154783344201604,52.28722965126221
40.58248173229377,2.18983275,1526.956689317416,0.026143645544664668,0.0004965311344763598,52.652580532005665,2.6143645544664667,52.652580532005665
40.58258316161933,2.18983275,1526.947565014291,0.025413465361441526,0.000492929083486589,51.55602745467329,2.5413465361441525,51.55602745467329
40.58268459094489,2.18983275,1526.947565014291,0.026121450510651994,0.0005002135993558072,52.220592451488976,2.6121450510651996,52.220592451488976
40.582786020270454,2.18983275,1526.938440711166,0.02611241768242973,0.0004965311344763606,52.589688479389636,2.611241768242973,52.589688479389636
40.58288744959601,2.18983275,1526.929316408041,0.025626805554043616,0.0004965311344763588,51.61167905627835,2.5626805554043615,51.61167905627835
40.58298887892157,2.18983275,1526.920192104916,0.02622600266385284,0.0005002135993558072,52.429607466945356,2.622600266385284,52.429607466945356
40.58309030824713,2.18983275,1526.920192104916,0.02658033610748612,0.0005039795132187562,52.740905950176426,2.658033610748612,52.740905950176426
40.58319173757269,2.18983275,1526.920192104916,0.026493486261505515,0.0005039795132187572,52.56857782234049,2.6493486261505517,52.56857782234049
40.58329316689825,2.18983275,1526.911067801791,0.02596308135601579,0.0004965311344763588,52.288929239848024,2.596308135601579,52.288929239848024
40.583394596223805,2.18983275,1526.901943498666,0.026528356281248205,0.0005039795132187572,52.637767181884065,2.6528356281248207,52.637767181884065
40.583496025549366,2.18983275,1526.901943498666,0.026468222218399534,0.0005002135993558072,52.91383971264726,2.6468222218399533,52.91383971264726
40.583597454874926,2.18983275,1526.892819195541,0.02643154463535699,0.0005039795132187572,52.44567277456797,2.643154463535699,52.44567277456797
40.58369888420049,2.18983275,1526.883694892416,0.026281065206106593,0.000500213599355808,52.53968552624766,2.6281065206106593,52.53968552624766
40.58380031352605,2.18983275,1526.883694892416,0.025975420270585213,0.0004965311344763606,52.31377947322229,2.5975420270585214,52.31377947322229
40.58390174285161,2.18983275,1526.874570589291,0.025677225628478212,0.0004965311344763598,51.71322369453697,2.567722562847821,51.71322369453697
40.58400317217716,2.18983275,1526.874570589291,0.02638519530953794,0.000500213599355808,52.7478568026093,2.638519530953794,52.7478568026093
40.58410460150272,2.18983275,1526.865446286166,0.026066718477031212,0.0005002135993558072,52.11117512718738,2.6066718477031214,52.11117512718738
40.584206030828284,2.18983275,1526.856321983041,0.02641023341127589,0.000500213599355808,52.79791162273053,2.641023341127589,52.79791162273053
40.584307460153845,2.18983275,1526.856321983041,0.026553304508124962,0.0005002135993558072,53.08393162905057,2.6553304508124964,53.08393162905057
40.584408889479406,2.18983275,1526.856321983041,0.026092192377284922,0.0005039795132187572,51.77232743180843,2.6092192377284924,51.77232743180843
40.58451031880496,2.18983275,1526.838073376791,0.026205119457916974,0.0005002135993558062,52.387858890012005,2.6205119457916974,52.387858890012005
40.58461174813052,2.18983275,1526.838073376791,0.02655913727480115,0.0005039795132187562,52.698843064426214,2.6559137274801152,52.698843064426214
40.58471317745608,2.18983275,1526.828949073666,0.026424673234944122,0.000500213599355808,52.82677893798711,2.642467323494412,52.82677893798711
40.58481460678164,2.18983275,1526.819824770541,0.02681685123322395,0.0005078320739797667,52.80653311845049,2.681685123322395,52.80653311845049
40.5849160361072,2.18983275,1526.819824770541,0.026668700926128677,0.0005039795132187572,52.9162400983408,2.666870092612868,52.9162400983408
40.58501746543276,2.18983275,1526.810700467416,0.02682032586163298,0.0005039795132187572,53.217095453622846,2.682032586163298,53.217095453622846
40.58511889475832,2.18983275,1526.810700467416,0.027153438317650685,0.0005078320739797667,53.469325213855136,2.7153438317650687,53.469325213855136
40.58522032408388,2.18983275,1526.810700467416,0.0270234663721186,0.0005078320739797667,53.213390324761725,2.70234663721186,53.213390324761725
40.58532175340944,2.18983275,1526.801576164291,0.026804148403798467,0.0005039795132187572,53.18499601820891,2.6804148403798465,53.18499601820891
40.585423182735,2.18983275,1526.792451861166,0.02661845158667321,0.0005039795132187572,52.816534975141366,2.661845158667321,52.816534975141366
40.58552461206056,2.18983275,1526.792451861166,0.026556976106172473,0.000500213599355808,53.09127168948114,2.6556976106172474,53.09127168948114
40.585626041386114,2.18983275,1526.783327558041,0.02620338259477412,0.000500213599355808,52.38438664706381,2.620338259477412,52.38438664706381
40.585727470711674,2.18983275,1526.774203254916,0.026538001905873066,0.000500213599355808,53.05333949346759,2.6538001905873068,53.05333949346759
40.585828900037235,2.18983275,1526.774203254916,0.026800567140622785,0.0005039795132187572,53.17789004845866,2.6800567140622786,53.17789004845866
40.585930329362796,2.18983275,1526.765078951791,0.025843027304510716,0.0004965311344763598,52.04714369374781,2.5843027304510717,52.04714369374781
40.58603175868836,2.18983275,1526.765078951791,0.02622351446127376,0.0004965311344763606,52.81343432558152,2.622351446127376,52.81343432558152
40.58613318801391,2.18983275,1526.755954648666,0.026384890071121273,0.000500213599355808,52.74724658645952,2.638489007112127,52.74724658645952
40.58623461733947,2.18983275,1526.755954648666,0.02603947210955535,0.0004965311344763606,52.44277810900308,2.603947210955535,52.44277810900308
40.58633604666503,2.18983275,1526.746830345541,0.025935682642211993,0.0004965311344763606,52.23374898648328,2.5935682642211995,52.23374898648328
40.58643747599059,2.18983275,1526.737706042416,0.025323315941504547,0.0004929290834865898,51.37314228324178,2.5323315941504547,51.37314228324178
40.586538905316154,2.18983275,1526.737706042416,0.025326171845009706,0.0004894045636079284,51.748949086831566,2.5326171845009706,51.748949086831566
40.586640334641714,2.18983275,1526.728581739291,0.025307664136903274,0.0004929290834865898,51.34138963336654,2.530766413690327,51.34138963336654
40.58674176396727,2.18983275,1526.728581739291,0.025368062549964612,0.0004929290834865898,51.46391925290963,2.536806254996461,51.46391925290963
40.58684319329283,2.18983275,1526.719457436166,0.024863938921200947,0.0004894045636079284,50.80446887928887,2.4863938921200948,50.80446887928887
40.58694462261839,2.18983275,1526.710333133041,0.025183815035994664,0.000492929083486589,51.09013827681733,2.5183815035994663,51.09013827681733
40.58704605194395,2.18983275,1526.710333133041,0.024781562262007426,0.0004859548346883349,50.99560801345042,2.478156226200743,50.99560801345042
40.58714748126951,2.18983275,1526.701208829916,0.02380425022022352,0.0004792694492513219,49.66778136475984,2.3804250220223517,49.66778136475984
40.587248910595065,2.18983275,1526.692084526791,0.02406445198976011,0.0004792694492513227,50.210694688242114,2.406445198976011,50.210694688242114
40.587350339920626,2.18983275,1526.692084526791,0.02462405615238777,0.00048595483468833573,50.67149124708321,2.462405615238777,50.67149124708321
40.58745176924619,2.18983275,1526.682960223666,0.023780288098577906,0.0004792694492513227,49.61778418325144,2.3780288098577906,49.61778418325144
40.58755319857175,2.18983275,1526.682960223666,0.02376304986108766,0.0004760289483709158,49.919337768029585,2.376304986108766,49.919337768029585
40.58765462789731,2.18983275,1526.673835920541,0.023732791765085606,0.0004792694492513227,49.51868265786421,2.3732791765085604,49.51868265786421
40.58775605722286,2.18983275,1526.664711617416,0.02391358790122013,0.00047926944925132353,49.895915415798,2.391358790122013,49.895915415798
40.58785748654842,2.18983275,1526.664711617416,0.023699190594622,0.0004792694492513227,49.44857351463362,2.3699190594622,49.44857351463362
40.58795891587398,2.18983275,1526.655587314291,0.023340003946285097,0.00047602894837091503,49.03063989314132,2.3340003946285095,49.03063989314132
40.588060345199544,2.18983275,1526.646463011166,0.023851600541197882,0.0004792694492513227,49.76657823372007,2.385160054119788,49.76657823372007
40.588161774525105,2.18983275,1526.646463011166,0.023729844238048962,0.00047926944925132353,49.51253261629305,2.3729844238048963,49.51253261629305
40.588263203850666,2.18983275,1526.637338708041,0.02330727603262375,0.00047285353498105503,49.29068793692652,2.3307276032623747,49.29068793692652
40.58836463317622,2.18983275,1526.637338708041,0.02347112432126442,0.0004760289483709142,49.30608611427575,2.3471124321264423,49.30608611427575
40.58846606250178,2.18983275,1526.628214404916,0.02403532911317964,0.00048257729025631625,49.80617529766788,2.403532911317964,49.80617529766788
40.58856749182734,2.18983275,1526.628214404916,0.024014346847586084,0.00047926944925132353,50.10614986016609,2.4014346847586086,50.10614986016609
40.5886689211529,2.18983275,1526.619090101791,0.023712338075671417,0.0004792694492513219,49.47600585164153,2.3712338075671417,49.47600585164153
40.58877035047846,2.18983275,1526.609965798666,0.023651302137628095,0.0004760289483709142,49.68458791963924,2.3651302137628094,49.68458791963924
40.588871779804016,2.18983275,1526.609965798666,0.02384912746508126,0.0004792694492513227,49.76141813824458,2.384912746508126,49.76141813824458
40.58897320912958,2.18983275,1526.600841495541,0.02423606611207998,0.0004825772902563154,50.22214389576284,2.423606611207998,50.22214389576284
40.58907463845514,2.18983275,1526.600841495541,0.023825977220739168,0.00047602894837091503,50.051530064037834,2.3825977220739167,50.051530064037834
40.5891760677807,2.18983275,1526.591717192416,0.024280915601955992,0.00048257729025631625,50.315081319014034,2.428091560195599,50.315081319014034
40.58927749710626,2.18983275,1526.582592889291,0.024522153937939693,0.00048257729025631707,50.8149770680567,2.4522153937939692,50.8149770680567
40.58937892643181,2.18983275,1526.582592889291,0.024407188297523648,0.0004825772902563154,50.576744472496934,2.440718829752365,50.576744472496934
40.589480355757374,2.18983275,1526.582592889291,0.024188350148954558,0.0004859548346883332,49.774893513442954,2.4188350148954556,49.774893513442954
40.589581785082935,2.18983275,1526.573468586166,0.023895701126158714,0.00047602894837091503,50.19799994923738,2.3895701126158713,50.19799994923738
40.589683214408495,2.18983275,1526.564344283041,0.0245012420047905,0.00048595483468833573,50.41876375302291,2.45012420047905,50.41876375302291
40.589784643734056,2.18983275,1526.564344283041,0.024201167157530706,0.0004825772902563154,50.14982604066705,2.4201167157530707,50.14982604066705
40.58988607305962,2.18983275,1526.555219979916,0.02403449510036603,0.0004825772902563154,49.804447050544766,2.403449510036603,49.804447050544766
40.58998750238517,2.18983275,1526.546095676791,0.023886711952338834,0.00048257729025631625,49.49820978863642,2.3886711952338833,49.49820978863642
40.59008893171073,2.18983275,1526.546095676791,0.023867760105905803,0.0004792694492513227,49.80029531026889,2.38677601059058,49.80029531026889
40.59019036103629,2.18983275,1526.536971373666,0.023988351851544583,0.00048257729025631625,49.708828691054656,2.3988351851544585,49.708828691054656
40.59029179036185,2.18983275,1526.527847070541,0.023850381045938767,0.0004792694492513211,49.76403374593571,2.385038104593877,49.76403374593571
40.590393219687414,2.18983275,1526.518722767416,0.024567575565846815,0.0004894045636079267,50.19890984410285,2.4567575565846815,50.19890984410285
40.59049464901297,2.18983275,1526.518722767416,0.024805917774237313,0.0004894045636079284,50.68591431057807,2.480591777423731,50.68591431057807
40.59059607833853,2.18983275,1526.518722767416,0.024337710295137278,0.00048257729025631707,50.43277167520771,2.4337710295137276,50.43277167520771
40.59069750766409,2.18983275,1526.509598464291,0.02416429726519183,0.00048257729025631625,50.073423994645914,2.416429726519183,50.073423994645914
40.59079893698965,2.18983275,1526.509598464291,0.02417796095702208,0.0004825772902563154,50.10173799140079,2.417796095702208,50.10173799140079
40.59090036631521,2.18983275,1526.500474161166,0.02459652619918011,0.0004859548346883349,50.61483998807212,2.459652619918011,50.61483998807212
40.591001795640764,2.18983275,1526.491349858041,0.024162291674570516,0.00048257729025631625,50.069267995883,2.4162291674570517,50.069267995883
40.591103224966325,2.18983275,1526.491349858041,0.024139574836631008,0.00047926944925132353,50.3674391813205,2.4139574836631006,50.3674391813205
40.591204654291886,2.18983275,1526.4822255549159,0.02413587675702371,0.00048257729025631707,50.014530820967835,2.413587675702371,50.014530820967835
40.59130608361745,2.18983275,1526.473101251791,0.023907171635434012,0.0004792694492513219,49.88252781974726,2.390717163543401,49.88252781974726
40.59140751294301,2.18983275,1526.473101251791,0.024111305579951742,0.0004825772902563154,49.96361425782241,2.411130557995174,49.96361425782241
40.59150894226857,2.18983275,1526.463976948666,0.023658604356424022,0.0004792694492513227,49.36388996499077,2.3658604356424022,49.36388996499077
40.59161037159412,2.18983275,1526.463976948666,0.02333116880552073,0.00047285353498105503,49.34121684520239,2.333116880552073,49.34121684520239
40.59171180091968,2.18983275,1526.454852645541,0.023410887028360604,0.00047602894837091503,49.179544875323785,2.3410887028360605,49.179544875323785
40.59181323024524,2.18983275,1526.445728342416,0.023345975132003843,0.0004728535349810558,49.37252955704173,2.3345975132003844,49.37252955704173
40.591914659570804,2.18983275,1526.436604039291,0.024039574362912357,0.00048257729025631707,49.814972333538385,2.4039574362912357,49.814972333538385
40.592016088896365,2.18983275,1526.436604039291,0.024203944350511947,0.00048257729025631707,50.15558095917903,2.4203944350511946,50.15558095917903
40.59211751822192,2.18983275,1526.436604039291,0.024111869951829745,0.00047926944925132353,50.30963269095366,2.4111869951829745,50.30963269095366
40.59221894754748,2.18983275,1526.427479736166,0.023980263940480907,0.0004792694492513227,50.03503556911671,2.398026394048091,50.03503556911671
40.59232037687304,2.18983275,1526.418355433041,0.024193669663139645,0.00047926944925132353,50.48030852150719,2.4193669663139645,50.48030852150719
40.5924218061986,2.18983275,1526.418355433041,0.02440177198213834,0.00048257729025631707,50.565520746277826,2.440177198213834,50.565520746277826
40.59252323552416,2.18983275,1526.409231129916,0.024292844659666423,0.00048257729025631707,50.33980079494307,2.429284465966642,50.33980079494307
40.592624664849716,2.18983275,1526.409231129916,0.02426834419673418,0.00047926944925132353,50.63611760491775,2.4268344196734177,50.63611760491775
40.592726094175276,2.18983275,1526.400106826791,0.02438738840353532,0.00048257729025631707,50.53571499517135,2.438738840353532,50.53571499517135
40.59282752350084,2.18983275,1526.390982523666,0.0243167315888087,0.00047926944925132353,50.737078332020445,2.43167315888087,50.737078332020445
40.5929289528264,2.18983275,1526.390982523666,0.02454179864335329,0.00048257729025631707,50.85568496254374,2.454179864335329,50.85568496254374
40.59303038215196,2.18983275,1526.381858220541,0.02406766421895166,0.00047926944925132353,50.21739703323098,2.406766421895166,50.21739703323098
40.59313181147752,2.18983275,1526.381858220541,0.02404655302710781,0.0004760289483709158,50.51489643518704,2.404655302710781,50.51489643518704
40.59323324080307,2.18983275,1526.372733917416,0.02444702750716621,0.00048257729025631707,50.65929955838031,2.4447027507166212,50.65929955838031
40.593334670128634,2.18983275,1526.363609614291,0.024349067990654803,0.00047926944925132353,50.804548524198594,2.4349067990654802,50.804548524198594
40.593436099454195,2.18983275,1526.363609614291,0.02451159616973583,0.00048257729025631707,50.79309918773155,2.451159616973583,50.79309918773155
40.593537528779756,2.18983275,1526.354485311166,0.024127644217622847,0.00047926944925132353,50.34254583786454,2.412764421762285,50.34254583786454
40.593638958105316,2.18983275,1526.354485311166,0.024429893035889105,0.00047926944925132353,50.97319070525262,2.4429893035889103,50.97319070525262
40.59374038743087,2.18983275,1526.345361008041,0.024580419742522785,0.00048257729025631707,50.93571587147645,2.4580419742522785,50.93571587147645
40.59384181675643,2.18983275,1526.336236704916,0.024788959908862738,0.00048257729025631707,51.367854247132684,2.478895990886274,51.367854247132684
40.59394324608199,2.18983275,1526.336236704916,0.024636482051143903,0.00048257729025631707,51.05188857531699,2.4636482051143904,51.05188857531699
40.59404467540755,2.18983275,1526.327112401791,0.0246887076033724,0.00048257729025631707,51.1601107260128,2.46887076033724,51.1601107260128
40.59414610473311,2.18983275,1526.327112401791,0.024979622106624213,0.00048257729025631707,51.76294577259632,2.497962210662421,51.76294577259632
40.59424753405867,2.18983275,1526.317988098666,0.02493566648818916,0.00048595483468833573,51.31272436908978,2.4935666488189163,51.31272436908978
40.59434896338423,2.18983275,1526.308863795541,0.024882738881161198,0.00048257729025631707,51.562183682420965,2.4882738881161197,51.562183682420965
40.59445039270979,2.18983275,1526.308863795541,0.025103468958886137,0.00048595483468833573,51.658029032648884,2.5103468958886137,51.658029032648884
40.59455182203535,2.18983275,1526.299739492416,0.025246682360477068,0.0004894045636079284,51.58652827909198,2.524668236047707,51.58652827909198
40.59465325136091,2.18983275,1526.299739492416,0.024870045715964878,0.00048257729025631707,51.53588081767244,2.4870045715964877,51.53588081767244
40.59475468068647,2.18983275,1526.290615189291,0.024875097831266423,0.00048595483468833573,51.18808592000102,2.4875097831266424,51.18808592000102
40.594856110012024,2.18983275,1526.281490886166,0.024409024154494544,0.00047926944925132353,50.929647597242784,2.4409024154494543,50.929647597242784
40.594957539337585,2.18983275,1526.281490886166,0.02498556885102035,0.00048595483468833573,51.415413671199914,2.498556885102035,51.415413671199914
40.595058968663146,2.18983275,1526.272366583041,0.02499548250032634,0.00048595483468833573,51.43581402242256,2.499548250032634,51.43581402242256
40.59516039798871,2.18983275,1526.272366583041,0.02488061551362089,0.00048257729025631625,51.55778362551166,2.488061551362089,51.55778362551166
40.59526182731427,2.18983275,1526.263242279916,0.024683580801842384,0.00048257729025631707,51.14948693240807,2.4683580801842386,51.14948693240807
40.59536325663982,2.18983275,1526.254117976791,0.024853626294934667,0.00048257729025631707,51.50185637980159,2.4853626294934665,51.50185637980159
40.59546468596538,2.18983275,1526.254117976791,0.025073947430272144,0.00048595483468833573,51.59727950099143,2.5073947430272145,51.59727950099143
40.59556611529094,2.18983275,1526.244993673666,0.024922368759595023,0.00048595483468833573,51.28536024459729,2.4922368759595024,51.28536024459729
40.595667544616504,2.18983275,1526.244993673666,0.024888783540804878,0.0004825772902563154,51.57470946796001,2.4888783540804877,51.57470946796001
40.595768973942064,2.18983275,1526.235869370541,0.0252615275525877,0.0004894045636079275,51.61686144967224,2.52615275525877,51.61686144967224
40.59587040326762,2.18983275,1526.226745067416,0.024682932452197024,0.00048257729025631707,51.14814341778678,2.4682932452197024,51.14814341778678
40.59597183259318,2.18983275,1526.226745067416,0.024564626207096495,0.0004825772902563154,50.90298839808495,2.4564626207096496,50.90298839808495
40.59607326191874,2.18983275,1526.217620764291,0.025097935550910225,0.0004894045636079275,51.282594027906775,2.5097935550910226,51.282594027906775
40.5961746912443,2.18983275,1526.217620764291,0.024804430308140068,0.00048257729025631625,51.39991211556067,2.4804430308140066,51.39991211556067
40.59627612056986,2.18983275,1526.208496461166,0.024415464101122126,0.00048257729025631707,50.59389364997687,2.4415464101122124,50.59389364997687
40.59637754989542,2.18983275,1526.208496461166,0.024466614552872197,0.0004825772902563154,50.69988797002245,2.4466614552872197,50.69988797002245
40.596478979220976,2.18983275,1526.199372158041,0.02438870963347427,0.00048257729025631625,50.53845285699301,2.4388709633474273,50.53845285699301
40.59658040854654,2.18983275,1526.190247854916,0.024327310757256682,0.00048257729025631625,50.41122168085337,2.4327310757256684,50.41122168085337
40.5966818378721,2.18983275,1526.190247854916,0.024302339415829946,0.0004792694492513219,50.707048934150095,2.4302339415829946,50.707048934150095
40.59678326719766,2.18983275,1526.181123551791,0.024296324465645055,0.00048257729025631625,50.34701167297014,2.4296324465645056,50.34701167297014
40.59688469652322,2.18983275,1526.171999248666,0.02452672823429064,0.00048257729025631625,50.824455956606464,2.4526728234290642,50.824455956606464
40.59698612584877,2.18983275,1526.171999248666,0.024742457456277067,0.00048595483468833405,50.915137971917865,2.474245745627707,50.915137971917865
40.59708755517433,2.18983275,1526.162874945541,0.023838144685786045,0.0004792694492513227,49.73850247084209,2.3838144685786045,49.73850247084209
40.597188984499894,2.18983275,1526.162874945541,0.02382012671781207,0.0004760289483709142,50.03923983894317,2.382012671781207,50.03923983894317
40.597290413825455,2.18983275,1526.153750642416,0.024146931974872846,0.00048257729025631625,50.03743951989004,2.4146931974872845,50.03743951989004
40.597391843151016,2.18983275,1526.153750642416,0.0243258269282248,0.00048257729025631625,50.40814688006635,2.4325826928224803,50.40814688006635
40.59749327247657,2.18983275,1526.144626339291,0.023898939472034413,0.0004792694492513219,49.86535133705582,2.3898939472034413,49.86535133705582
40.59759470180213,2.18983275,1526.135502036166,0.023530260992644353,0.0004760289483709142,49.430315263747254,2.353026099264435,49.430315263747254
40.59769613112769,2.18983275,1526.135502036166,0.023898199260760953,0.00047602894837091503,50.203247812021324,2.3898199260760955,50.203247812021324
40.59779756045325,2.18983275,1526.126377733041,0.023871877097258215,0.0004792694492513227,49.80888544961294,2.3871877097258216,49.80888544961294
40.59789898977881,2.18983275,1526.126377733041,0.023588421744849083,0.0004760289483709142,49.55249428753093,2.3588421744849084,49.55249428753093
40.59800041910437,2.18983275,1526.117253429916,0.02349989722988953,0.0004760289483709142,49.36652972537036,2.349989722988953,49.36652972537036
40.59810184842993,2.18983275,1526.108129126791,0.02377449205489849,0.0004792694492513227,49.605690686183195,2.377449205489849,49.605690686183195
40.59820327775549,2.18983275,1526.108129126791,0.023757331930414204,0.0004760289483709158,49.90732603913573,2.3757331930414205,49.90732603913573
40.59830470708105,2.18983275,1526.099004823666,0.023866789310173688,0.0004792694492513219,49.79826973627583,2.386678931017369,49.79826973627583
40.59840613640661,2.18983275,1526.089880520541,0.0239848657495972,0.0004792694492513219,50.04463728506902,2.39848657495972,50.04463728506902
40.59850756573217,2.18983275,1526.089880520541,0.023866564119929573,0.0004792694492513227,49.79779987481375,2.3866564119929574,49.79779987481375
40.598608995057724,2.18983275,1526.071631914291,0.02381703857829099,0.00048257729025631625,49.35383214083862,2.381703857829099,49.35383214083862
40.598710424383285,2.18983275,1526.071631914291,0.024038414701822008,0.00048257729025631625,49.81256927580292,2.4038414701822006,49.81256927580292
40.598811853708845,2.18983275,1526.071631914291,0.024097680142984988,0.00048257729025631625,49.93537953306037,2.409768014298499,49.93537953306037
40.598913283034406,2.18983275,1526.062507611166,0.02400705640326428,0.0004792694492513227,50.09093828276813,2.4007056403264277,50.09093828276813
40.59901471235997,2.18983275,1526.062507611166,0.024565229778371785,0.00048595483468833573,50.55043807543668,2.4565229778371784,50.55043807543668
40.59911614168553,2.18983275,1526.053383308041,0.02451451275653298,0.00048595483468833405,50.446072364431366,2.451451275653298,50.446072364431366
40.59921757101108,2.18983275,1526.044259004916,0.02484637329703482,0.0004894045636079275,50.76857705180653,2.4846373297034816,50.76857705180653
40.59931900033664,2.18983275,1526.044259004916,0.024971285313956613,0.0004894045636079284,51.023809687973404,2.4971285313956613,51.023809687973404
40.5994204296622,2.18983275,1526.035134701791,0.024295034665163615,0.00048257729025631625,50.3443389394879,2.4295034665163615,50.3443389394879
40.599521858987764,2.18983275,1526.026010398666,0.025003252770619575,0.0004929290834865881,50.72383352543628,2.5003252770619575,50.72383352543628
40.599623288313325,2.18983275,1526.026010398666,0.02520742586906675,0.0004894045636079267,51.50631551785242,2.520742586906675,51.50631551785242
40.59972471763888,2.18983275,1526.026010398666,0.02523563125392381,0.0004894045636079284,51.563947560858,2.523563125392381,51.563947560858
40.59982614696444,2.18983275,1526.007761792416,0.025256864949741577,0.0004965311344763606,50.86662889000374,2.5256864949741575,50.86662889000374
40.59992757629,2.18983275,1526.007761792416,0.025644547329279614,0.000492929083486589,52.0248209902537,2.5644547329279614,52.0248209902537
40.60002900561556,2.18983275,1526.007761792416,0.025520579910338896,0.000492929083486589,51.77332960316842,2.5520579910338896,51.77332960316842
40.60013043494112,2.18983275,1525.998637489291,0.02538696037017269,0.0004894045636079284,51.87315823746729,2.538696037017269,51.87315823746729
40.600231864266675,2.18983275,1525.998637489291,0.025349949398566773,0.0004894045636079275,51.797533745261845,2.534994939856677,51.797533745261845
40.600333293592236,2.18983275,1525.989513186166,0.025621553640749865,0.0004929290834865898,51.97817393837526,2.5621553640749863,51.97817393837526
40.6004347229178,2.18983275,1525.980388883041,0.025433707120199475,0.0004894045636079275,51.96867583886072,2.5433707120199474,51.96867583886072
40.60053615224336,2.18983275,1525.980388883041,0.026068635665039846,0.0004965311344763598,52.50151270480098,2.6068635665039848,52.50151270480098
40.60063758156892,2.18983275,1525.971264579916,0.025571391381649197,0.0004894045636079275,52.25000599327265,2.55713913816492,52.25000599327265
40.60073901089448,2.18983275,1525.962140276791,0.025667996698132568,0.0004929290834865898,52.07239247596732,2.566799669813257,52.07239247596732
40.60084044022003,2.18983275,1525.962140276791,0.025416206483711706,0.0004894045636079284,51.932916800655605,2.5416206483711705,51.932916800655605
40.60094186954559,2.18983275,1525.962140276791,0.025390877115927066,0.0004894045636079275,51.881161321307665,2.5390877115927064,51.881161321307665
40.601043298871154,2.18983275,1525.953015973666,0.025161800629783775,0.0004859548346883349,51.778064202038834,2.5161800629783775,51.778064202038834
40.601144728196715,2.18983275,1525.943891670541,0.02588975177901952,0.0004894045636079275,52.90051156891205,2.5889751779019523,52.90051156891205
40.601246157522276,2.18983275,1525.943891670541,0.02588817334814487,0.0004894045636079267,52.897286362218075,2.588817334814487,52.897286362218075
40.60134758684783,2.18983275,1525.934767367416,0.02551309205081169,0.0004894045636079284,52.13088301164827,2.5513092050811688,52.13088301164827
40.60144901617339,2.18983275,1525.925643064291,0.02582583474588628,0.0004894045636079284,52.76990994014486,2.582583474588628,52.76990994014486
40.60155044549895,2.18983275,1525.925643064291,0.02568248134482505,0.0004894045636079284,52.476996036759054,2.568248134482505,52.476996036759054
40.60165187482451,2.18983275,1525.916518761166,0.025462627255570296,0.0004859548346883349,52.397106558062426,2.5462627255570296,52.397106558062426
40.60175330415007,2.18983275,1525.916518761166,0.025532784125662625,0.00048595483468833573,52.54147567445836,2.5532784125662626,52.54147567445836
40.601854733475626,2.18983275,1525.907394458041,0.025612230488511717,0.0004894045636079267,52.33345251155088,2.5612230488511716,52.33345251155088
40.60195616280119,2.18983275,1525.898270154916,0.025798530494650106,0.0004894045636079275,52.71411918283186,2.5798530494650107,52.71411918283186
40.60205759212675,2.18983275,1525.898270154916,0.026063857447564686,0.000492929083486589,52.87547097689926,2.6063857447564684,52.87547097689926
40.60215902145231,2.18983275,1525.889145851791,0.02481507443887014,0.0004792694492513227,51.776875153703855,2.481507443887014,51.776875153703855
40.60226045077787,2.18983275,1525.880021548666,0.025181097473778474,0.00048595483468833405,51.817773332635554,2.5181097473778475,51.817773332635554
40.60236188010343,2.18983275,1525.880021548666,0.025304254730264434,0.00048595483468833405,52.071206877678776,2.5304254730264435,52.071206877678776
40.602463309428984,2.18983275,1525.880021548666,0.02499305627401403,0.00048257729025631625,51.79078414721756,2.499305627401403,51.79078414721756
40.602564738754545,2.18983275,1525.870897245541,0.024655596078347105,0.0004792694492513219,51.4441221255855,2.4655596078347104,51.4441221255855
40.602666168080106,2.18983275,1525.8617729424159,0.025158091363431605,0.00048257729025631625,52.132771001447516,2.5158091363431603,52.132771001447516
40.602767597405666,2.18983275,1525.8617729424159,0.02478127159170719,0.0004792694492513227,51.70634521023311,2.478127159170719,51.70634521023311
40.60286902673123,2.18983275,1525.852648639291,0.024805024713130876,0.00048257729025631625,51.40114384569553,2.4805024713130877,51.40114384569553
40.60297045605678,2.18983275,1525.852648639291,0.02491870068104862,0.0004825772902563146,51.636703972980946,2.491870068104862,51.636703972980946
40.60307188538234,2.18983275,1525.843524336166,0.024521695794055907,0.0004792694492513219,51.1647379826981,2.4521695794055907,51.1647379826981
40.6031733147079,2.18983275,1525.834400033041,0.024749341911391852,0.0004792694492513227,51.639723646173024,2.474934191139185,51.639723646173024
40.60327474403346,2.18983275,1525.834400033041,0.025074231162633753,0.00048257729025631625,51.95899531309444,2.507423116263375,51.95899531309444
40.603376173359024,2.18983275,1525.825275729916,0.024346058384563787,0.0004792694492513211,50.798268954124616,2.434605838456379,50.798268954124616
40.60347760268458,2.18983275,1525.816151426791,0.025120865628178973,0.00048595483468833573,51.693827975371605,2.512086562817897,51.693827975371605
40.60357903201014,2.18983275,1525.816151426791,0.02534815990157964,0.0004894045636079267,51.793877267328945,2.534815990157964,51.793877267328945
40.6036804613357,2.18983275,1525.807027123666,0.024844305415867254,0.00048257729025631707,51.48254158970349,2.4844305415867254,51.48254158970349
40.60378189066126,2.18983275,1525.807027123666,0.024842770716554188,0.0004825772902563154,51.479361375167976,2.4842770716554186,51.479361375167976
40.60388331998682,2.18983275,1525.797902820541,0.025274480631899365,0.0004894045636079284,51.643328467503316,2.5274480631899365,51.643328467503316
40.60398474931238,2.18983275,1525.788778517416,0.025072376867151486,0.0004859548346883349,51.59404758928173,2.5072376867151487,51.59404758928173
40.604086178637935,2.18983275,1525.788778517416,0.025298980266446683,0.0004894045636079275,51.69338855351222,2.5298980266446685,51.69338855351222
40.604187607963496,2.18983275,1525.779654214291,0.025111056797695704,0.0004859548346883349,51.67364332078427,2.5111056797695706,51.67364332078427
40.60428903728906,2.18983275,1525.779654214291,0.025110348759347357,0.0004894045636079284,51.307957927960295,2.511034875934736,51.307957927960295
40.60439046661462,2.18983275,1525.770529911166,0.02518218483021925,0.0004894045636079275,51.45474052095934,2.518218483021925,51.45474052095934
40.60449189594018,2.18983275,1525.770529911166,0.024868303411758243,0.0004859548346883349,51.174104333600106,2.4868303411758244,51.174104333600106
40.60459332526573,2.18983275,1525.761405608041,0.024390690469887417,0.0004825772902563154,50.54255755991456,2.4390690469887417,50.54255755991456
40.60469475459129,2.18983275,1525.752281304916,0.025048285661150405,0.0004859548346883349,51.544472599423806,2.5048285661150405,51.544472599423806
40.604796183916854,2.18983275,1525.752281304916,0.025036620187104744,0.0004894045636079275,51.15730838824404,2.5036620187104743,51.15730838824404
40.604897613242414,2.18983275,1525.743157001791,0.02438324697278721,0.00048257729025631625,50.52713309371911,2.4383246972787207,50.52713309371911
40.604999042567975,2.18983275,1525.734032698666,0.02459797268055709,0.0004825772902563146,50.97208919112667,2.4597972680557088,50.97208919112667
40.60510047189353,2.18983275,1525.734032698666,0.024814702668113763,0.0004859548346883349,51.06380448715685,2.4814702668113764,51.06380448715685
40.60520190121909,2.18983275,1525.724908395541,0.02402600502985652,0.0004760289483709142,50.471730998880005,2.402600502985652,50.471730998880005
40.60530333054465,2.18983275,1525.715784092416,0.024298049633494044,0.0004825772902563154,50.35058657772398,2.4298049633494045,50.35058657772398
40.60540475987021,2.18983275,1525.715784092416,0.02410043211497087,0.0004792694492513219,50.28576754186757,2.4100432114970873,50.28576754186757
40.60550618919577,2.18983275,1525.706659789291,0.024420329660911438,0.0004792694492513219,50.95323663767638,2.4420329660911437,50.95323663767638
40.60560761852133,2.18983275,1525.706659789291,0.02447275303034419,0.00048257729025631625,50.71260816551422,2.4472753030344188,50.71260816551422
40.60570904784689,2.18983275,1525.697535486166,0.023815922273722135,0.00047285353498105427,50.36638305913556,2.3815922273722134,50.36638305913556
40.60581047717245,2.18983275,1525.688411183041,0.024469619018140765,0.00048257729025631625,50.706113843740894,2.4469619018140767,50.706113843740894
40.60591190649801,2.18983275,1525.688411183041,0.02493481092238813,0.0004859548346883349,51.310963782014774,2.493481092238813,51.310963782014774
40.60601333582357,2.18983275,1525.688411183041,0.024628730129074315,0.0004825772902563154,51.035824988766144,2.4628730129074317,51.035824988766144
40.60611476514913,2.18983275,1525.670162576791,0.024308384513188838,0.00048257729025631625,50.3720025869383,2.4308384513188837,50.3720025869383
40.60621619447468,2.18983275,1525.670162576791,0.024513758208966268,0.0004792694492513219,51.14817614028974,2.4513758208966268,51.14817614028974
40.606317623800244,2.18983275,1525.670162576791,0.024184365666822444,0.0004792694492513219,50.460895649829986,2.4184365666822445,50.460895649829986
40.606419053125805,2.18983275,1525.661038273666,0.024222399480561336,0.0004792694492513227,50.54025354296977,2.4222399480561334,50.54025354296977
40.606520482451366,2.18983275,1525.651913970541,0.024662818337730687,0.00048257729025631625,51.10646281061272,2.4662818337730688,51.10646281061272
40.60662191177693,2.18983275,1525.651913970541,0.02490320734752956,0.00048595483468833573,51.24592980642139,2.490320734752956,51.24592980642139
40.60672334110248,2.18983275,1525.642789667416,0.025147715574830254,0.0004859548346883349,51.74907991389495,2.5147715574830256,51.74907991389495
40.60682477042804,2.18983275,1525.633665364291,0.02529532172882002,0.0004894045636079275,51.68591306615736,2.529532172882002,51.68591306615736
40.6069261997536,2.18983275,1525.633665364291,0.024984278345454698,0.00048595483468833573,51.41275806316078,2.49842783454547,51.41275806316078
40.60702762907916,2.18983275,1525.624541061166,0.026096666180944417,0.000492929083486589,52.94202970609346,2.6096666180944417,52.94202970609346
40.60712905840472,2.18983275,1525.624541061166,0.025912587268024555,0.0004929290834865898,52.568590769161844,2.5912587268024554,52.568590769161844
40.607230487730284,2.18983275,1525.615416758041,0.025696813830045077,0.0004894045636079267,52.50628159371106,2.5696813830045078,52.50628159371106
40.60733191705584,2.18983275,1525.606292454916,0.026474235006283885,0.0005002135993558072,52.9258601532992,2.6474235006283884,52.9258601532992
40.6074333463814,2.18983275,1525.606292454916,0.027066959254565915,0.0005039795132187562,53.70646731589919,2.7066959254565917,53.70646731589919
40.60753477570696,2.18983275,1525.597168151791,0.026790396437285455,0.000500213599355808,53.55791300313912,2.6790396437285455,53.55791300313912
40.60763620503252,2.18983275,1525.588043848666,0.02804140026209947,0.0005158108113788354,54.363731126807586,2.804140026209947,54.363731126807586
40.60773763435808,2.18983275,1525.588043848666,0.027798202150589438,0.0005078320739797667,54.73896505343021,2.779820215058944,54.73896505343021
40.607839063683635,2.18983275,1525.588043848666,0.028270113237193875,0.0005158108113788354,54.80713589857462,2.8270113237193875,54.80713589857462
40.607940493009195,2.18983275,1525.5789195455409,0.027802836875635745,0.0005117746537789871,54.32632638278832,2.7802836875635744,54.32632638278832
40.608041922334756,2.18983275,1525.569795242416,0.02760069496677071,0.0005078320739797667,54.35004282118343,2.760069496677071,54.35004282118343
40.60814335166032,2.18983275,1525.569795242416,0.027888071344104433,0.0005117746537789871,54.49287325618134,2.7888071344104435,54.49287325618134
40.60824478098588,2.18983275,1525.560670939291,0.027631166618213507,0.0005078320739797667,54.41004622192178,2.7631166618213507,54.41004622192178
40.60834621031143,2.18983275,1525.560670939291,0.02771094648265207,0.0005117746537789871,54.1467739326911,2.771094648265207,54.1467739326911
40.60844763963699,2.18983275,1525.551546636166,0.027343638639083227,0.0005078320739797667,53.84385910247305,2.7343638639083228,53.84385910247305
40.60854906896255,2.18983275,1525.542422333041,0.02700924530417103,0.0005039795132187567,53.59195085465197,2.700924530417103,53.59195085465197
40.608650498288114,2.18983275,1525.542422333041,0.02729296834623769,0.0005078320739797667,53.744081448713516,2.729296834623769,53.744081448713516
40.608751927613675,2.18983275,1525.533298029916,0.027041113387659906,0.0005039795132187567,53.655183749349106,2.7041113387659905,53.655183749349106
40.608853356939235,2.18983275,1525.524173726791,0.02746781375859427,0.0005117746537789861,53.671696235383436,2.746781375859427,53.671696235383436
40.60895478626479,2.18983275,1525.524173726791,0.027634529581062706,0.0005117746537789871,53.99745645277079,2.763452958106271,53.99745645277079
40.60905621559035,2.18983275,1525.524173726791,0.027253939544610042,0.0005078320739797662,53.66722769404269,2.7253939544610044,53.66722769404269
40.60915764491591,2.18983275,1525.515049423666,0.027173236032052055,0.0005078320739797657,53.508309979520426,2.7173236032052057,53.508309979520426
40.60925907424147,2.18983275,1525.505925120541,0.02696512532374653,0.0005039795132187567,53.50440765246361,2.696512532374653,53.50440765246361
40.60936050356703,2.18983275,1525.505925120541,0.02698212533628081,0.0005078320739797667,53.13198342284274,2.698212533628081,53.13198342284274
40.609461932892586,2.18983275,1525.496800817416,0.026544483822222208,0.0005039795132187562,52.66976757188217,2.654448382222221,52.66976757188217
40.60956336221815,2.18983275,1525.496800817416,0.02618016653657402,0.0005002135993558076,52.33797435793378,2.618016653657402,52.33797435793378
40.60966479154371,2.18983275,1525.487676514291,0.0261538272204044,0.0005002135993558067,52.28531822022882,2.61538272204044,52.28531822022882
40.60976622086927,2.18983275,1525.478552211166,0.025598506140310482,0.0004929290834865885,51.931417718847094,2.559850614031048,51.931417718847094
40.60986765019483,2.18983275,1525.478552211166,0.02601105487390565,0.000500213599355808,51.99989545946685,2.6011054873905652,51.99989545946685
40.60996907952038,2.18983275,1525.478552211166,0.025310951709781274,0.0005002135993558076,50.60028704213079,2.5310951709781273,50.60028704213079
40.61007050884594,2.18983275,1525.460303604916,0.024803949017643892,0.0004859548346883336,51.04167557783815,2.4803949017643894,51.04167557783815
40.610171938171504,2.18983275,1525.460303604916,0.02540192255463069,0.0004929290834865881,51.53261068500503,2.5401922554630687,51.53261068500503
40.610273367497065,2.18983275,1525.451179301791,0.02449147482490995,0.0004825772902563146,50.751403597756585,2.4491474824909947,50.751403597756585
40.610374796822626,2.18983275,1525.442054998666,0.02456674141674779,0.00048595483468833405,50.553548731547465,2.456674141674779,50.553548731547465
40.61047622614819,2.18983275,1525.442054998666,0.024689898673233807,0.0004859548346883345,50.806982276590766,2.4689898673233808,50.806982276590766
40.61057765547374,2.18983275,1525.442054998666,0.024387210488791902,0.0004825772902563154,50.53534631900916,2.43872104887919,50.53534631900916
40.6106790847993,2.18983275,1525.432930695541,0.024342196882429643,0.0004825772902563146,50.44206881243957,2.4342196882429645,50.44206881243957
40.61078051412486,2.18983275,1525.423806392416,0.024319161284624517,0.0004792694492513203,50.74214791410997,2.4319161284624515,50.74214791410997
40.61088194345042,2.18983275,1525.414682089291,0.0246371956791667,0.00048595483468833405,50.69852982318348,2.46371956791667,50.69852982318348
40.61098337277598,2.18983275,1525.414682089291,0.0243687694051772,0.0004825772902563146,50.497132577942175,2.43687694051772,50.497132577942175
40.61108480210154,2.18983275,1525.405557786166,0.024578730060955324,0.0004825772902563146,50.932214501641084,2.4578730060955323,50.932214501641084
40.6111862314271,2.18983275,1525.405557786166,0.02476452007494389,0.00048595483468833275,50.96053852582127,2.4764520074943888,50.96053852582127
40.61128766075266,2.18983275,1525.396433483041,0.025014857664957757,0.0004859548346883336,51.475684321570746,2.501485766495776,51.475684321570746
40.61138909007822,2.18983275,1525.396433483041,0.025002715904521515,0.0004894045636079263,51.088031791529815,2.5002715904521513,51.088031791529815
40.61149051940378,2.18983275,1525.387309179916,0.024795523165849577,0.00048595483468833405,51.02433682289039,2.479552316584958,51.02433682289039
40.61159194872934,2.18983275,1525.378184876791,0.024708507531845843,0.00048257729025631376,51.20114027479885,2.4708507531845845,51.20114027479885
40.611693378054895,2.18983275,1525.378184876791,0.024926790194442463,0.0004859548346883336,51.29445869270798,2.492679019444246,51.29445869270798
40.611794807380456,2.18983275,1525.369060573666,0.024400350954953035,0.00047926944925132066,50.91155088868999,2.4400350954953036,50.91155088868999
40.611896236706016,2.18983275,1525.359936270541,0.02439337392590733,0.00048257729025631414,50.54811823604698,2.439337392590733,50.54811823604698
40.61199766603158,2.18983275,1525.359936270541,0.024514825165636602,0.0004825772902563146,50.79979033538001,2.4514825165636602,50.79979033538001
40.61209909535714,2.18983275,1525.350811967416,0.024772699931772967,0.00048257729025631376,51.33416021009881,2.4772699931772966,51.33416021009881
40.61220052468269,2.18983275,1525.341687664291,0.025044716631712323,0.0004894045636079263,51.17385184780631,2.5044716631712323,51.17385184780631
40.61230195400825,2.18983275,1525.341687664291,0.02488664406691986,0.00048257729025631414,51.570276035371805,2.4886644066919863,51.570276035371805
40.61240338333381,2.18983275,1525.332563361166,0.02551756177664997,0.0004929290834865872,51.76720674738664,2.551756177664997,51.76720674738664
40.612504812659374,2.18983275,1525.332563361166,0.025695135271662794,0.0004929290834865867,52.12744821205502,2.5695135271662792,52.12744821205502
40.612606241984935,2.18983275,1525.323439058041,0.025451417606667758,0.0004894045636079254,52.00486366338329,2.545141760666776,52.00486366338329
40.61270767131049,2.18983275,1525.314314754916,0.02587945096433102,0.0004965311344763579,52.12049993929083,2.587945096433102,52.12049993929083
40.61280910063605,2.18983275,1525.314314754916,0.02607388203540848,0.0004929290834865867,52.895807751862925,2.607388203540848,52.895807751862925
40.61291052996161,2.18983275,1525.314314754916,0.026076972683626624,0.0004965311344763575,52.51830323012361,2.6076972683626622,52.51830323012361
40.61301195928717,2.18983275,1525.305190451791,0.026158095573211346,0.0004965311344763579,52.681682490661316,2.6158095573211346,52.681682490661316
40.61311338861273,2.18983275,1525.296066148666,0.026381526989715912,0.0004965311344763579,53.1316671965352,2.638152698971591,53.1316671965352
40.61321481793829,2.18983275,1525.286941845541,0.02675119026314759,0.0005039795132187552,53.07991607098537,2.6751190263147593,53.07991607098537
40.613316247263846,2.18983275,1525.286941845541,0.026938373944835853,0.0005002135993558058,53.85374164062737,2.693837394483585,53.85374164062737
40.61341767658941,2.18983275,1525.286941845541,0.02693060824734292,0.0005039795132187543,53.4359186057898,2.693060824734292,53.4359186057898
40.61351910591497,2.18983275,1525.268693239291,0.02735261203299604,0.0005078320739797648,53.86152910476848,2.7352612032996038,53.86152910476848
40.61362053524053,2.18983275,1525.268693239291,0.027676481172565295,0.0005078320739797648,54.49927759716118,2.7676481172565293,54.49927759716118
40.61372196456609,2.18983275,1525.259568936166,0.02799646273140317,0.0005158108113788334,54.27661094687947,2.799646273140317,54.27661094687947
40.61382339389164,2.18983275,1525.259568936166,0.02777588449794365,0.0005078320739797642,54.69501813910723,2.777588449794365,54.69501813910723
40.613924823217204,2.18983275,1525.250444633041,0.028114354887211528,0.0005158108113788339,54.50516791623261,2.811435488721153,54.50516791623261
40.614026252542764,2.18983275,1525.241320329916,0.028059867029678026,0.0005158108113788334,54.399532562472146,2.8059867029678025,54.399532562472146
40.614127681868325,2.18983275,1525.241320329916,0.02791242656734976,0.0005117746537789852,54.5404629972238,2.791242656734976,54.5404629972238
40.614229111193886,2.18983275,1525.241320329916,0.02820932250861931,0.0005158108113788334,54.689281198298076,2.820932250861931,54.689281198298076
40.61433054051944,2.18983275,1525.232196026791,0.028589098539211173,0.0005158108113788339,55.425551207018216,2.858909853921117,55.425551207018216
40.614431969845,2.18983275,1525.223071723666,0.029119411534205372,0.0005241791103054439,55.5524074914722,2.9119411534205373,55.5524074914722
40.61453339917056,2.18983275,1525.223071723666,0.02881296398004713,0.0005199443056560573,55.4154813633191,2.881296398004713,55.4154813633191
40.61463482849612,2.18983275,1525.223071723666,0.028796507429871963,0.0005199443056560578,55.3838307615216,2.8796507429871965,55.3838307615216
40.61473625782168,2.18983275,1525.213947420541,0.029316499713844615,0.0005241791103054443,55.928401451865575,2.9316499713844615,55.928401451865575
40.614837687147244,2.18983275,1525.204823117416,0.029064964495096303,0.0005199443056560573,55.90014964857169,2.90649644950963,55.90014964857169
40.6149391164728,2.18983275,1525.195698814291,0.029670638138130152,0.0005285194298859094,56.13916246094321,2.967063813813015,56.13916246094321
40.61504054579836,2.18983275,1525.195698814291,0.029816314842213133,0.0005285194298859094,56.41479415174865,2.9816314842213134,56.41479415174865
40.61514197512392,2.18983275,1525.195698814291,0.02937500644506081,0.0005241791103054443,56.04001736723866,2.937500644506081,56.04001736723866
40.61524340444948,2.18983275,1525.186574511166,0.029396174389808724,0.0005241791103054443,56.080400404890774,2.9396174389808722,56.080400404890774
40.61534483377504,2.18983275,1525.177450208041,0.0291344048232494,0.0005199443056560573,56.033703045344595,2.91344048232494,56.033703045344595
40.615446263100594,2.18983275,1525.168325904916,0.029124258296614185,0.0005241791103054443,55.56165387751373,2.9124258296614185,55.56165387751373
40.615547692426155,2.18983275,1525.168325904916,0.028773720951305662,0.0005199443056560578,55.34000591659412,2.8773720951305664,55.34000591659412
40.615649121751716,2.18983275,1525.159201601791,0.02907146489510936,0.0005199443056560573,55.912651756859724,2.907146489510936,55.912651756859724
40.61575055107728,2.18983275,1525.159201601791,0.029343372043086485,0.0005241791103054439,55.979666999678486,2.9343372043086484,55.979666999678486
40.61585198040284,2.18983275,1525.150077298666,0.029204698435625315,0.0005199443056560573,56.16889754908519,2.9204698435625316,56.16889754908519
40.61595340972839,2.18983275,1525.150077298666,0.029259571512069513,0.000524179110305445,55.81979696790977,2.9259571512069513,55.81979696790977
40.61605483905395,2.18983275,1525.140952995541,0.029322902010597965,0.0005241791103054439,55.940615400547436,2.9322902010597964,55.940615400547436
40.61615626837951,2.18983275,1525.131828692416,0.029591720516233835,0.0005241791103054439,56.45345252120115,2.9591720516233835,56.45345252120115
40.61625769770507,2.18983275,1525.131828692416,0.029931454996689002,0.0005285194298859094,56.63264830802957,2.9931454996689,56.63264830802957
40.616359127030634,2.18983275,1525.122704389291,0.02927207702304183,0.0005199443056560573,56.298485635123555,2.927207702304183,56.298485635123555
40.616460556356195,2.18983275,1525.113580086166,0.02972476753737681,0.0005285194298859089,56.24157950785929,2.972476753737681,56.24157950785929
40.61656198568175,2.18983275,1525.113580086166,0.02987044424145986,0.0005285194298859094,56.51721119866481,2.987044424145986,56.51721119866481
40.61666341500731,2.18983275,1525.113580086166,0.029452701149259367,0.0005241791103054443,56.18823903931805,2.9452701149259366,56.18823903931805
40.61676484433287,2.18983275,1525.104455783041,0.029425664539979832,0.000524179110305445,56.13666008710872,2.9425664539979834,56.13666008710872
40.61686627365843,2.18983275,1525.095331479916,0.028805816654668446,0.0005158108113788334,55.84570160068287,2.8805816654668446,55.84570160068287
40.61696770298399,2.18983275,1525.095331479916,0.029297040942168937,0.0005241791103054443,55.89127908034577,2.9297040942168935,55.89127908034577
40.617069132309545,2.18983275,1525.086207176791,0.029390944720656106,0.0005241791103054443,56.07042353047933,2.9390944720656105,56.07042353047933
40.617170561635106,2.18983275,1525.077082873666,0.029025541736062952,0.0005199443056560573,55.824328529647026,2.9025541736062954,55.824328529647026
40.61727199096067,2.18983275,1525.067958570541,0.029594277814395564,0.0005285194298859094,55.99468277028913,2.9594277814395564,55.99468277028913
40.61737342028623,2.18983275,1525.067958570541,0.029753127964741943,0.0005241791103054439,56.76137675040985,2.9753127964741943,56.76137675040985
40.61747484961179,2.18983275,1525.067958570541,0.029818069424821778,0.0005285194298859099,56.41811395894854,2.981806942482178,56.41811395894854
40.61757627893734,2.18983275,1525.058834267416,0.029378926988874426,0.0005241791103054439,56.04749676452208,2.9378926988874428,56.04749676452208
40.6176777082629,2.18983275,1525.049709964291,0.029604782284050203,0.0005241791103054439,56.4783710415305,2.9604782284050204,56.4783710415305
40.617779137588464,2.18983275,1525.049709964291,0.029425197008345463,0.0005241791103054443,56.135768156039475,2.9425197008345463,56.135768156039475
40.617880566914025,2.18983275,1525.040585661166,0.029249059311803507,0.0005199443056560573,56.25421606434851,2.924905931180351,56.25421606434851
40.617981996239585,2.18983275,1525.040585661166,0.02928645551849072,0.0005241791103054439,55.871084792801526,2.9286455518490717,55.871084792801526
40.618083425565146,2.18983275,1525.031461358041,0.02935794147685518,0.0005241791103054443,56.00746176196915,2.935794147685518,56.00746176196915
40.6181848548907,2.18983275,1525.022337054916,0.029334323528667845,0.0005241791103054433,55.962404742864514,2.9334323528667845,55.962404742864514
40.61828628421626,2.18983275,1525.022337054916,0.029437818985936847,0.0005241791103054439,56.15984766883054,2.9437818985936848,56.15984766883054
40.61838771354182,2.18983275,1525.013212751791,0.0292269524072041,0.0005199443056560573,56.21169823242128,2.92269524072041,56.21169823242128
40.61848914286738,2.18983275,1525.004088448666,0.029746473053659517,0.0005285194298859089,56.28264803827717,2.9746473053659517,56.28264803827717
40.61859057219294,2.18983275,1525.004088448666,0.029772996322575466,0.0005241791103054439,56.79928050781435,2.9772996322575467,56.79928050781435
40.6186920015185,2.18983275,1525.004088448666,0.02944960092842169,0.0005241791103054443,56.18232460897024,2.944960092842169,56.18232460897024
40.61879343084406,2.18983275,1524.994964145541,0.0293835676012739,0.0005241791103054443,56.05634986894424,2.93835676012739,56.05634986894424
40.61889486016962,2.18983275,1524.985839842416,0.029635979795824576,0.0005241791103054439,56.53788793406022,2.9635979795824574,56.53788793406022
40.61899628949518,2.18983275,1524.985839842416,0.02972837316029527,0.0005285194298859089,56.248401627756074,2.9728373160295267,56.248401627756074
40.61909771882074,2.18983275,1524.967591236166,0.029281234599912966,0.0005241791103054439,55.86112461225425,2.9281234599912964,55.86112461225425
40.61919914814629,2.18983275,1524.967591236166,0.02932820237059204,0.0005241791103054443,55.950727135047806,2.9328202370592042,55.950727135047806
40.619300577471854,2.18983275,1524.967591236166,0.029886466496327844,0.0005285194298859089,56.547526555039646,2.9886466496327846,56.547526555039646
40.619402006797415,2.18983275,1524.958466933041,0.029262544530397692,0.0005199443056560573,56.28015195488042,2.9262544530397694,56.28015195488042
40.619503436122976,2.18983275,1524.958466933041,0.029318363725504008,0.0005241791103054439,55.9319575105157,2.931836372550401,55.9319575105157
40.61960486544854,2.18983275,1524.949342629916,0.029237896407527858,0.0005199443056560573,56.2327466412695,2.9237896407527857,56.2327466412695
40.6197062947741,2.18983275,1524.940218326791,0.029917346220766264,0.0005285194298859094,56.60595340312176,2.9917346220766263,56.60595340312176
40.61980772409965,2.18983275,1524.940218326791,0.030022562704694437,0.0005285194298859094,56.80503120041463,3.0022562704694438,56.80503120041463
40.61990915342521,2.18983275,1524.931094023666,0.02920436221104572,0.0005199443056560573,56.168250894095536,2.920436221104572,56.168250894095536
40.62001058275077,2.18983275,1524.921969720541,0.029744561116042192,0.0005285194298859094,56.27903050312285,2.974456111604219,56.27903050312285
40.62011201207633,2.18983275,1524.921969720541,0.029294966174448746,0.0005199443056560567,56.34250794897131,2.9294966174448747,56.34250794897131
40.620213441401894,2.18983275,1524.921969720541,0.02941424275853241,0.0005241791103054439,56.11487024233466,2.941424275853241,56.11487024233466
40.62031487072745,2.18983275,1524.903721114291,0.029623963278980828,0.0005285194298859089,56.050849985544964,2.962396327898083,56.050849985544964
40.62041630005301,2.18983275,1524.903721114291,0.029781312593092885,0.0005241791103054439,56.81514583009431,2.9781312593092886,56.81514583009431
40.62051772937857,2.18983275,1524.903721114291,0.029846722735548156,0.0005285194298859089,56.472328258567806,2.9846722735548155,56.472328258567806
40.62061915870413,2.18983275,1524.894596811166,0.02935503702040324,0.0005199443056560573,56.45804118070594,2.935503702040324,56.45804118070594
40.62072058802969,2.18983275,1524.885472508041,0.029433336143235008,0.0005241791103054439,56.15129554873703,2.943333614323501,56.15129554873703
40.620822017355245,2.18983275,1524.885472508041,0.02953683160050395,0.0005241791103054439,56.348738474703,2.953683160050395,56.348738474703
40.620923446680806,2.18983275,1524.876348204916,0.029763118038796034,0.0005241791103054439,56.78043526277268,2.9763118038796033,56.78043526277268
40.621024876006366,2.18983275,1524.876348204916,0.02982822562388485,0.0005285194298859094,56.437330280031176,2.982822562388485,56.437330280031176
40.62112630533193,2.18983275,1524.867223901791,0.02933351326011344,0.0005199443056560567,56.41664490026662,2.933351326011344,56.41664490026662
40.62122773465749,2.18983275,1524.858099598666,0.029839364944645314,0.0005285194298859083,56.45840674407514,2.9839364944645315,56.45840674407514
40.62132916398305,2.18983275,1524.858099598666,0.030008033510058048,0.0005285194298859083,56.7775408304968,3.0008033510058048,56.7775408304968
40.6214305933086,2.18983275,1524.858099598666,0.029115359553331714,0.0005241791103054439,55.54467734581398,2.9115359553331714,55.54467734581398
40.62153202263416,2.18983275,1524.839850992416,0.029124120267413647,0.0005241791103054439,55.561390553016814,2.9124120267413645,55.561390553016814
40.621633451959724,2.18983275,1524.839850992416,0.02967413353132495,0.0005241791103054433,56.61067552660311,2.9674133531324953,56.61067552660311
40.621734881285285,2.18983275,1524.839850992416,0.029350738137171185,0.0005241791103054439,55.993719627759006,2.9350738137171186,55.993719627759006
40.621836310610846,2.18983275,1524.830726689291,0.02937807648186791,0.0005241791103054439,56.04587421415753,2.9378076481867907,56.04587421415753
40.6219377399364,2.18983275,1524.821602386166,0.02957244133569447,0.0005241791103054433,56.41667276374744,2.957244133569447,56.41667276374744
40.62203916926196,2.18983275,1524.821602386166,0.02963437815659722,0.0005285194298859089,56.070555746634284,2.963437815659722,56.070555746634284
40.62214059858752,2.18983275,1524.812478083041,0.029644336108316037,0.0005241791103054439,56.55382964621008,2.9644336108316036,56.55382964621008
40.62224202791308,2.18983275,1524.803353779916,0.029090167149878134,0.0005241791103054443,55.49661666777794,2.9090167149878132,55.49661666777794
40.62234345723864,2.18983275,1524.794229476791,0.02936881946462314,0.0005285194298859089,55.568097980736425,2.936881946462314,55.568097980736425
40.622444886564196,2.18983275,1524.794229476791,0.02899819015729869,0.0005199443056560567,55.771723705502026,2.8998190157298693,55.771723705502026
40.62254631588976,2.18983275,1524.794229476791,0.029511529765843068,0.0005285194298859089,55.83811700586619,2.9511529765843068,55.83811700586619
40.62264774521532,2.18983275,1524.785105173666,0.028603583891433478,0.0005158108113788334,55.453633891410995,2.860358389143348,55.453633891410995
40.62274917454088,2.18983275,1524.775980870541,0.029620688223135447,0.0005285194298859089,56.04465332434353,2.9620688223135447,56.04465332434353
40.62285060386644,2.18983275,1524.775980870541,0.029725904707063613,0.0005285194298859089,56.24373112163639,2.9725904707063613,56.24373112163639
40.622952033192,2.18983275,1524.766856567416,0.02857431058067311,0.0005158108113788334,55.39688186118092,2.857431058067311,55.39688186118092
40.623053462517554,2.18983275,1524.757732264291,0.029454051098086114,0.0005285194298859089,55.729362881596124,2.9454051098086116,55.729362881596124
40.623154891843114,2.18983275,1524.757732264291,0.029485357514684705,0.0005241791103054433,56.25053905239252,2.9485357514684707,56.25053905239252
40.623256321168675,2.18983275,1524.748607961166,0.02900938628325601,0.0005241791103054439,55.342507385217964,2.900938628325601,55.342507385217964
40.623357750494236,2.18983275,1524.748607961166,0.029590449449186155,0.0005285194298859089,55.98743920459807,2.9590449449186154,55.98743920459807
40.6234591798198,2.18983275,1524.739483658041,0.028887548461205725,0.0005199443056560567,55.558928421681465,2.8887548461205723,55.558928421681465
40.62356060914535,2.18983275,1524.730359354916,0.029374723268517755,0.0005285194298859083,55.579268438359755,2.9374723268517755,55.579268438359755
40.62366203847091,2.18983275,1524.730359354916,0.0294162972722078,0.0005241791103054433,56.1187897302254,2.94162972722078,56.1187897302254
40.62376346779647,2.18983275,1524.730359354916,0.02895699210761796,0.0005285194298859089,54.7888884877305,2.895699210761796,54.7888884877305
40.62386489712203,2.18983275,1524.721235051791,0.02859905434747016,0.0005199443056560567,55.00407262155582,2.859905434747016,55.00407262155582
40.623966326447594,2.18983275,1524.712110748666,0.02946993301442695,0.0005241791103054433,56.2211130414079,2.946993301442695,56.2211130414079
40.624067755773154,2.18983275,1524.712110748666,0.029530165223761708,0.0005285194298859089,55.87337674631255,2.9530165223761706,55.87337674631255
40.62416918509871,2.18983275,1524.693862142416,0.029027940136818274,0.0005241791103054433,55.37790340386412,2.9027940136818273,55.37790340386412
40.62427061442427,2.18983275,1524.693862142416,0.029607674443708366,0.0005285194298859083,56.02003023824457,2.9607674443708367,56.02003023824457
40.62437204374983,2.18983275,1524.693862142416,0.029712890927636525,0.0005285194298859083,56.219108035537424,2.9712890927636524,56.219108035537424
40.62447347307539,2.18983275,1524.684737839291,0.02902295751156331,0.0005199443056560567,55.81935833481751,2.902295751156331,55.81935833481751
40.62457490240095,2.18983275,1524.6756135361659,0.029502440710469043,0.0005285194298859083,55.82091980390909,2.9502440710469044,55.82091980390909
40.624676331726505,2.18983275,1524.6756135361659,0.029050167773180546,0.0005199443056560567,55.871691366108045,2.9050167773180546,55.871691366108045
40.624777761052066,2.18983275,1524.666489233041,0.029667484074721147,0.0005285194298859089,56.1331947268721,2.9667484074721147,56.1331947268721
40.62487919037763,2.18983275,1524.666489233041,0.029711991597738404,0.0005285194298859089,56.21740643319833,2.9711991597738403,56.21740643319833
40.62498061970319,2.18983275,1524.657364929916,0.028629633552212097,0.0005158108113788328,55.50413624654584,2.8629633552212095,55.50413624654584
40.62508204902875,2.18983275,1524.648240626791,0.029497293525263278,0.0005285194298859089,55.81118092788157,2.9497293525263277,55.81118092788157
40.6251834783543,2.18983275,1524.648240626791,0.029527892625220955,0.0005241791103054433,56.33168519061131,2.9527892625220953,56.33168519061131
40.62528490767986,2.18983275,1524.648240626791,0.02907044318051147,0.0005285194298859089,55.00354676986405,2.907044318051147,55.00354676986405
40.62538633700542,2.18983275,1524.629992020541,0.029195001512296086,0.0005285194298859083,55.23922085248299,2.9195001512296086,55.23922085248299
40.625487766330984,2.18983275,1524.629992020541,0.02936038262751278,0.0005241791103054433,56.01211885457292,2.936038262751278,56.01211885457292
40.625589195656545,2.18983275,1524.629992020541,0.029418793122722282,0.0005285194298859089,55.662652041142366,2.941879312272228,55.662652041142366
40.625690624982106,2.18983275,1524.611743414291,0.02908550560292395,0.0005241791103054433,55.48772362556684,2.908550560292395,55.48772362556684
40.62579205430766,2.18983275,1524.611743414291,0.029666197166339475,0.0005285194298859089,56.13075979580069,2.9666197166339474,56.13075979580069
40.62589348363322,2.18983275,1524.611743414291,0.029699648599613524,0.0005285194298859089,56.194052517661966,2.9699648599613524,56.194052517661966
40.62599491295878,2.18983275,1524.602619111166,0.029550454665200242,0.0005241791103054433,56.37472780626637,2.955045466520024,56.37472780626637
40.62609634228434,2.18983275,1524.602619111166,0.02961202586961056,0.0005285194298859089,56.02826347557911,2.961202586961056,56.02826347557911
40.6261977716099,2.18983275,1524.584370504916,0.030128774609870467,0.0005329697173562378,56.52999340998646,3.012877460987047,56.52999340998646
40.626299200935456,2.18983275,1524.584370504916,0.030747467905515937,0.0005375346932667285,57.20089938503528,3.0747467905515937,57.20089938503528
40.62640063026102,2.18983275,1524.584370504916,0.030856304480899162,0.000537534693266728,57.40337296812966,3.0856304480899164,57.40337296812966
40.62650205958658,2.18983275,1524.566121898666,0.030889614429798602,0.0005422193667947628,56.968851209423384,3.08896144297986,56.968851209423384
40.62660348891214,2.18983275,1524.566121898666,0.03173970337430119,0.000547029058837406,58.02196951247377,3.1739703374301187,58.02196951247377
40.6267049182377,2.18983275,1524.566121898666,0.03173303266459594,0.0005422193667947634,58.52434385031341,3.173303266459594,58.52434385031341
40.62680634756325,2.18983275,1524.556997595541,0.031216567343470194,0.0005422193667947628,57.57184131581578,3.1216567343470194,57.57184131581578
40.626907776888814,2.18983275,1524.547873292416,0.03262676955537211,0.0005570464955776626,58.57099867675827,3.262676955537211,58.57099867675827
40.627009206214375,2.18983275,1524.547873292416,0.03216460334707999,0.0005470290588374066,58.79871064882546,3.2164603347079987,58.79871064882546
40.627110635539935,2.18983275,1524.538748989291,0.0334483549317651,0.0005622666823797725,59.48841711587142,3.34483549317651,59.48841711587142
40.627212064865496,2.18983275,1524.538748989291,0.032793052913319805,0.0005519694274030582,59.41099503935698,3.2793052913319807,59.41099503935698
40.62731349419106,2.18983275,1524.529624686166,0.03295288352350251,0.0005570464955776633,59.15643269477893,3.2952883523502505,59.15643269477893
40.62741492351661,2.18983275,1524.520500383041,0.03389723636209518,0.0005676368368638762,59.716414018112786,3.3897236362095176,59.716414018112786
40.62751635284217,2.18983275,1524.520500383041,0.03399864731927082,0.0005622666823797712,60.46712064704404,3.3998647319270816,60.46712064704404
40.62761778216773,2.18983275,1524.520500383041,0.03415538095242925,0.0005676368368638762,60.17118469818403,3.4155380952429253,60.17118469818403
40.62771921149329,2.18983275,1524.502251776791,0.03494238278648832,0.0005731642758840603,60.96399279699084,3.494238278648832,60.96399279699084
40.627820640818854,2.18983275,1524.502251776791,0.035756301768457316,0.0005788568259914814,61.77054525911994,3.5756301768457317,61.77054525911994
40.62792207014441,2.18983275,1524.502251776791,0.03588251479667893,0.0005788568259914821,61.98858367994254,3.588251479667893,61.98858367994254
40.62802349946997,2.18983275,1524.484003170541,0.03617766061802477,0.000584722870011363,61.871465053730034,3.617766061802477,61.871465053730034
40.62812492879553,2.18983275,1524.484003170541,0.03727948627701708,0.0005907713989299524,63.10306549122109,3.7279486277017084,63.10306549122109
40.62822635812109,2.18983275,1524.484003170541,0.03635604729256741,0.0005788568259914828,62.806631381249964,3.635604729256741,62.806631381249964
40.62832778744665,2.18983275,1524.474878867416,0.03666009388248524,0.000584722870011363,62.69652815490666,3.6660093882485243,62.69652815490666
40.628429216772204,2.18983275,1524.474878867416,0.036788877918073615,0.0005847228700113637,62.9167761427882,3.6788877918073615,62.9167761427882
40.628530646097765,2.18983275,1524.465754564291,0.037082394028786145,0.000584722870011363,63.41875088290205,3.7082394028786143,63.41875088290205
40.628632075423326,2.18983275,1524.456630261166,0.03810430263221964,0.0005970120698220687,63.82501218706702,3.8104302632219635,63.82501218706702
40.62873350474889,2.18983275,1524.456630261166,0.03796357803421519,0.0005907713989299531,64.2610290595948,3.796357803421519,64.2610290595948
40.62883493407445,2.18983275,1524.456630261166,0.03755964957770969,0.0005970120698220687,62.91271395719661,3.7559649577709693,62.91271395719661
40.62893636340001,2.18983275,1524.438381654916,0.037872751614092,0.0005970120698220679,63.437162376599034,3.7872751614092004,63.437162376599034
40.62903779272556,2.18983275,1524.438381654916,0.0379017649041264,0.0005907713989299524,64.1563978431874,3.7901764904126405,64.1563978431874
40.62913922205112,2.18983275,1524.438381654916,0.03815830552236687,0.0005970120698220687,63.91546746071555,3.8158305522366867,63.91546746071555
40.62924065137668,2.18983275,1524.420133048666,0.037258611546097685,0.0005907713989299524,63.067730789918336,3.7258611546097686,63.067730789918336
40.629342080702244,2.18983275,1524.420133048666,0.03817374566548692,0.0005970120698220679,63.94132982414264,3.8173745665486916,63.94132982414264
40.629443510027805,2.18983275,1524.420133048666,0.03830799993061968,0.0005970120698220687,64.16620679383729,3.830799993061968,64.16620679383729
40.62954493935336,2.18983275,1524.411008745541,0.03708959585048134,0.0005847228700113623,63.43106752393766,3.708959585048134,63.43106752393766
40.62964636867892,2.18983275,1524.411008745541,0.037323853209552046,0.0005907713989299516,63.17816549202575,3.7323853209552045,63.17816549202575
40.62974779800448,2.18983275,1524.401884442416,0.037148122218678685,0.0005847228700113623,63.531160014242005,3.7148122218678683,63.531160014242005
40.62984922733004,2.18983275,1524.3927601392909,0.03819460980210307,0.0005970120698220687,63.97627742013064,3.819460980210307,63.97627742013064
40.6299506566556,2.18983275,1524.3927601392909,0.03832886406723573,0.0005970120698220687,64.20115438982519,3.832886406723573,64.20115438982519
40.630052085981156,2.18983275,1524.383635836166,0.037122014469888984,0.000584722870011363,63.486510232048204,3.712201446988898,63.486510232048204
40.630153515306716,2.18983275,1524.374511533041,0.03812898369118328,0.0005970120698220687,63.86635315856697,3.8128983691183285,63.86635315856697
40.63025494463228,2.18983275,1524.374511533041,0.037987745799254465,0.0005907713989299524,64.30193788673691,3.7987745799254466,64.30193788673691
40.63035637395784,2.18983275,1524.374511533041,0.037584330636673234,0.0005970120698220679,62.95405492869647,3.7584330636673235,62.95405492869647
40.6304578032834,2.18983275,1524.356262926791,0.03790721097443976,0.0005970120698220679,63.49488208125765,3.790721097443976,63.49488208125765
40.63055923260896,2.18983275,1524.356262926791,0.037935507610446985,0.0005907713989299524,64.21351419374483,3.7935507610446986,64.21351419374483
40.63066066193451,2.18983275,1524.356262926791,0.03819276488271461,0.0005970120698220687,63.97318716537413,3.8192764882714605,63.97318716537413
40.630762091260074,2.18983275,1524.347138623666,0.03719257989808422,0.0005847228700113623,63.607192065809734,3.719257989808422,63.607192065809734
40.630863520585635,2.18983275,1524.338014320541,0.037414515188996994,0.0005907713989299516,63.33162921692706,3.7414515188996993,63.33162921692706
40.630964949911196,2.18983275,1524.338014320541,0.037545977357619574,0.0005907713989299524,63.554155508586824,3.7545977357619575,63.554155508586824
40.631066379236756,2.18983275,1524.328890017416,0.03712543092928223,0.0005847228700113623,63.49235310149714,3.712543092928223,63.49235310149714
40.63116780856231,2.18983275,1524.328890017416,0.03736043349802027,0.0005907713989299516,63.24008502390302,3.736043349802027,63.24008502390302
40.63126923788787,2.18983275,1524.319765714291,0.03718929008110792,0.0005847228700113623,63.60156578172709,3.7189290081107917,63.60156578172709
40.63137066721343,2.18983275,1524.310641411166,0.03821903422422908,0.0005970120698220687,64.01718852287148,3.821903422422908,64.01718852287148
40.63147209653899,2.18983275,1524.310641411166,0.038353288489361655,0.0005970120698220679,64.24206549256597,3.8353288489361654,64.24206549256597
40.63157352586455,2.18983275,1524.301517108041,0.03633251242799567,0.0005788568259914814,62.765973893050976,3.633251242799567,62.765973893050976
40.63167495519011,2.18983275,1524.292392804916,0.03799710625593384,0.0005970120698220679,63.6454573979692,3.799710625593384,63.6454573979692
40.63177638451567,2.18983275,1524.292392804916,0.037858611029397186,0.0005907713989299516,64.0833511879036,3.7858611029397187,64.0833511879036
40.63187781384123,2.18983275,1524.283268501791,0.03735275786290131,0.0005907713989299508,63.22709246005716,3.7352757862901314,63.22709246005716
40.63197924316679,2.18983275,1524.283268501791,0.03748422003152389,0.0005907713989299516,63.44961875171692,3.748422003152389,63.44961875171692
40.63208067249235,2.18983275,1524.274144198666,0.037050463740598505,0.0005847228700113615,63.36414332464641,3.7050463740598505,63.36414332464641
40.63218210181791,2.18983275,1524.274144198666,0.03728390732647375,0.0005907713989299516,63.11054901101355,3.728390732647375,63.11054901101355
40.632283531143464,2.18983275,1524.265019895541,0.037102942723135565,0.0005847228700113615,63.4538935041392,3.7102942723135564,63.4538935041392
40.632384960469025,2.18983275,1524.255895592416,0.03738177711938015,0.0005907713989299516,63.27621341704889,3.738177711938015,63.27621341704889
40.632486389794586,2.18983275,1524.246771289291,0.03753102803677012,0.0005907713989299516,63.52885076147739,3.753102803677012,63.52885076147739
40.63258781912015,2.18983275,1524.246771289291,0.03789095803010169,0.0005907713989299516,64.13810502460439,3.7890958030101687,64.13810502460439
40.63268924844571,2.18983275,1524.246771289291,0.038147269123486614,0.0005970120698220671,63.89698140417159,3.8147269123486613,63.89698140417159
40.63279067777126,2.18983275,1524.237646986166,0.03789035151803298,0.0005907713989299516,64.13707838033926,3.789035151803298,64.13707838033926
40.63289210709682,2.18983275,1524.228522683041,0.03896488547168927,0.0006034552706682647,64.56963318679719,3.896488547168927,64.56963318679719
40.63299353642238,2.18983275,1524.228522683041,0.03910205322920851,0.000603455270668264,64.79693712163132,3.9102053229208513,64.79693712163132
40.633094965747944,2.18983275,1524.219398379916,0.03780258571161143,0.0005907713989299508,63.98851701365755,3.7802585711611427,63.98851701365755
40.633196395073504,2.18983275,1524.219398379916,0.03805701988447519,0.0005970120698220671,63.7458132057827,3.8057019884475194,63.7458132057827
40.63329782439906,2.18983275,1524.210274076791,0.03783820517632798,0.0005907713989299508,64.04881015713245,3.783820517632798,64.04881015713245
40.63339925372462,2.18983275,1524.201149773666,0.03817724859309497,0.0005970120698220671,63.94719725595042,3.8177248593094975,63.94719725595042
40.63350068305018,2.18983275,1524.201149773666,0.03831150285822763,0.0005970120698220671,64.17207422564498,3.8311502858227633,64.17207422564498
40.63360211237574,2.18983275,1524.192025470541,0.03780316860055162,0.0005907713989299508,63.98950367100292,3.780316860055162,63.98950367100292
40.6337035417013,2.18983275,1524.182901167416,0.03807866508770737,0.0005970120698220671,63.78206909461025,3.807866508770737,63.78206909461025
40.63380497102686,2.18983275,1524.182901167416,0.03793847367573226,0.0005907713989299508,64.21853485874443,3.793847367573226,64.21853485874443
40.633906400352416,2.18983275,1524.173776864291,0.03821356338725728,0.0005970120698220671,64.00802482711349,3.821356338725728,64.00802482711349
40.63400782967798,2.18983275,1524.173776864291,0.03834781765238995,0.0005970120698220671,64.23290179680805,3.834781765238995,64.23290179680805
40.63410925900354,2.18983275,1524.164652561166,0.038685609837434354,0.0005970120698220671,64.79870641302809,3.8685609837434356,64.79870641302809
40.6342106883291,2.18983275,1524.164652561166,0.03896478918783215,0.0006034552706682647,64.56947363254056,3.8964789187832154,64.56947363254056
40.63431211765466,2.18983275,1524.155528258041,0.037910299452635556,0.0005907713989299508,64.17084429155086,3.7910299452635554,64.17084429155086
40.63441354698021,2.18983275,1524.146403954916,0.03740721407515053,0.0005907713989299508,63.31927060603351,3.7407214075150534,63.31927060603351
40.63451497630577,2.18983275,1524.146403954916,0.03753867624377301,0.0005907713989299508,63.541796897693175,3.753867624377301,63.541796897693175
40.634616405631334,2.18983275,1524.137279651791,0.03714331687071327,0.0005847228700113608,63.52294185105433,3.714331687071327,63.52294185105433
40.634717834956895,2.18983275,1524.137279651791,0.03737869138718838,0.0005907713989299508,63.2709901916231,3.7378691387188376,63.2709901916231
40.634819264282456,2.18983275,1524.128155348666,0.03720815532555927,0.0005847228700113608,63.63382934694574,3.7208155325559265,63.63382934694574
40.63492069360801,2.18983275,1524.119031045541,0.037479684964747156,0.0005907713989299508,63.441942234565104,3.7479684964747157,63.441942234565104
40.63502212293357,2.18983275,1524.119031045541,0.03761114713336964,0.0005907713989299508,63.66446852622478,3.761114713336964,63.66446852622478
40.63512355225913,2.18983275,1524.109906742416,0.037124284884303756,0.0005847228700113608,63.490393121757755,3.7124284884303758,63.490393121757755
40.63522498158469,2.18983275,1524.109906742416,0.037359263620422425,0.0005907713989299508,63.23810476961191,3.7359263620422425,63.23810476961191
40.63532641091025,2.18983275,1524.100782439291,0.03722961969965792,0.0005847228700113608,63.670537974570024,3.722961969965792,63.670537974570024
40.63542784023581,2.18983275,1524.091658136166,0.038205606084763075,0.0005970120698220671,63.99469628168461,3.8205606084763075,63.99469628168461
40.63552926956137,2.18983275,1524.091658136166,0.03833986034989574,0.0005970120698220671,64.21957325137917,3.8339860349895742,64.21957325137917
40.63563069888693,2.18983275,1524.082533833041,0.03783317491829607,0.0005907713989299508,64.0402954286926,3.7833174918296066,64.0402954286926
40.63573212821249,2.18983275,1524.082533833041,0.0373185680468139,0.0005907713989299508,63.1692192858491,3.7318568046813905,63.1692192858491
40.63583355753805,2.18983275,1524.073409529916,0.037171086874373524,0.0005847228700113608,63.57043444127868,3.7171086874373525,63.57043444127868
40.63593498686361,2.18983275,1524.064285226791,0.03744821361236373,0.0005907713989299501,63.388670609634744,3.744821361236373,63.388670609634744
40.636036416189164,2.18983275,1524.064285226791,0.0375796757809863,0.0005907713989299508,63.6111969012945,3.75796757809863,63.6111969012945
40.636137845514725,2.18983275,1524.055160923666,0.03715731825418966,0.0005847228700113608,63.54688718344079,3.7157318254189655,63.54688718344079
40.636239274840285,2.18983275,1524.055160923666,0.03739298393693738,0.0005907713989299508,63.29518322089786,3.739298393693738,63.29518322089786
40.636340704165846,2.18983275,1524.046036620541,0.03722556960449764,0.0005847228700113608,63.66361145370348,3.722556960449764,63.66361145370348
40.63644213349141,2.18983275,1524.036912317416,0.03827096071976543,0.0005970120698220671,64.10416581891161,3.8270960719765426,64.10416581891161
40.63654356281697,2.18983275,1524.036912317416,0.03840521498489809,0.0005970120698220671,64.32904278860616,3.840521498489809,64.32904278860616
40.63664499214252,2.18983275,1524.027788014291,0.038756230566311625,0.0005970120698220671,64.91699669968564,3.8756230566311625,64.91699669968564
40.63674642146808,2.18983275,1524.027788014291,0.039036942478492286,0.0006034552706682647,64.68904055683014,3.9036942478492285,64.68904055683014
40.63684785079364,2.18983275,1524.018663711166,0.03879506208906216,0.0005970120698220671,64.98203981139712,3.879506208906216,64.98203981139712
40.636949280119204,2.18983275,1524.009539408041,0.03914642686593091,0.000603455270668264,64.87046972442599,3.914642686593091,64.87046972442599
40.637050709444765,2.18983275,1524.009539408041,0.03928359462345027,0.000603455270668264,65.09777365926023,3.9283594623450266,65.09777365926023
40.63715213877032,2.18983275,1524.000415104916,0.03834531092139415,0.0005970120698220671,64.22870300230704,3.834531092139415,64.22870300230704
40.63725356809588,2.18983275,1523.991290801791,0.03825717529388845,0.0005970120698220671,64.08107512012376,3.8257175293888452,64.08107512012376
40.63735499742144,2.18983275,1523.991290801791,0.038113271391116775,0.0005907713989299508,64.51441532232327,3.8113271391116776,64.51441532232327
40.637456426747,2.18983275,1523.982166498666,0.03832807000906879,0.0005970120698220671,64.19982433603403,3.8328070009068793,64.19982433603403
40.63755785607256,2.18983275,1523.973042195541,0.038437034813179186,0.0005970120698220671,64.38234125590613,3.8437034813179185,64.38234125590613
40.637659285398115,2.18983275,1523.973042195541,0.0392108894535141,0.000603455270668264,64.97729220277108,3.92108894535141,64.97729220277108
40.637760714723676,2.18983275,1523.963917892416,0.039853842526147584,0.0006101121930514721,65.32215382685413,3.9853842526147583,65.32215382685413
40.63786214404924,2.18983275,1523.963917892416,0.039668917556563266,0.0006034552706682647,65.73630140413557,3.9668917556563263,65.73630140413557
40.6379635733748,2.18983275,1523.954793589291,0.039137850238296086,0.0006034552706682656,64.85625719194545,3.913785023829609,64.85625719194545
40.63806500270036,2.18983275,1523.954793589291,0.03878352459530396,0.0005970120698220679,64.96271441691775,3.878352459530396,64.96271441691775
40.63816643202592,2.18983275,1523.945669286166,0.039191747027769765,0.0006034552706682647,64.94557083637521,3.9191747027769765,64.94557083637521
40.63826786135147,2.18983275,1523.945669286166,0.039067228649198926,0.0006034552706682656,64.73922848653874,3.9067228649198924,64.73922848653874
40.63836929067703,2.18983275,1523.936544983041,0.03800431169268732,0.0005907713989299516,64.3299790096872,3.8004311692687325,64.3299790096872
40.638470720002594,2.18983275,1523.927420679916,0.038356637940283905,0.0005970120698220671,64.24767584969543,3.8356637940283904,64.24767584969543
40.638572149328155,2.18983275,1523.927420679916,0.03802598854918015,0.0005907713989299516,64.3666714706494,3.8025988549180147,64.3666714706494
40.638673578653716,2.18983275,1523.918296376791,0.03836589130906706,0.0005970120698220679,64.26317531654183,3.8365891309067064,64.26317531654183
40.63877500797927,2.18983275,1523.918296376791,0.038244017745535146,0.0005970120698220671,64.05903612121837,3.8244017745535146,64.05903612121837
40.63887643730483,2.18983275,1523.909172073666,0.03803734802871867,0.0005907713989299516,64.3858996857578,3.803734802871867,64.3858996857578
40.63897786663039,2.18983275,1523.900047770541,0.03907020367901423,0.0006034552706682656,64.74415847880148,3.9070203679014233,64.74415847880148
40.63907929595595,2.18983275,1523.900047770541,0.03871731487321345,0.0005970120698220679,64.85181260196744,3.8717314873213446,64.85181260196744
40.63918072528151,2.18983275,1523.890923467416,0.03829072413513425,0.0005970120698220679,64.13726969799175,3.829072413513425,64.13726969799175
40.639282154607066,2.18983275,1523.890923467416,0.03816885057160242,0.0005970120698220679,63.93313050266836,3.8168850571602424,63.93313050266836
40.63938358393263,2.18983275,1523.881799164291,0.037964107541898814,0.0005907713989299524,64.26192535837404,3.7964107541898815,64.26192535837404
40.63948501325819,2.18983275,1523.872674861166,0.03744232882137138,0.0005907713989299524,63.378709411440056,3.744232882137138,63.378709411440056
40.63958644258375,2.18983275,1523.872674861166,0.0371370995592495,0.0005847228700113623,63.51230893111442,3.71370995592495,63.51230893111442
40.63968787190931,2.18983275,1523.863550558041,0.03823243749062828,0.0005970120698220679,64.03963910147242,3.8232437490628284,64.03963910147242
40.63978930123487,2.18983275,1523.863550558041,0.03811056392709647,0.0005970120698220679,63.83549990614905,3.811056392709647,63.83549990614905
40.639890730560424,2.18983275,1523.854426254916,0.03714124847154722,0.0005847228700113615,63.51940445022365,3.714124847154722,63.51940445022365
40.639992159885985,2.18983275,1523.845301951791,0.037431656134086215,0.0005907713989299508,63.36064373103576,3.7431656134086215,63.36064373103576
40.640093589211546,2.18983275,1523.845301951791,0.03712664429479173,0.0005847228700113615,63.49442821360885,3.7126644294791733,63.49442821360885
40.640195018537106,2.18983275,1523.836177648666,0.03824439643816937,0.0005970120698220671,64.05967043441466,3.824439643816937,64.05967043441466
40.64029644786267,2.18983275,1523.836177648666,0.03812252287463754,0.0005970120698220671,63.85553123909126,3.812252287463754,63.85553123909126
40.64039787718822,2.18983275,1523.827053345541,0.03784839297087845,0.0005907713989299516,64.06605505857634,3.784839297087845,64.06605505857634
40.64049930651378,2.18983275,1523.817929042416,0.038970297979494264,0.0006034552706682656,64.57860238147991,3.8970297979494264,64.57860238147991
40.64060073583934,2.18983275,1523.817929042416,0.03861953120659831,0.0005970120698220679,64.68802417697918,3.861953120659831,64.68802417697918
40.6407021651649,2.18983275,1523.808804739291,0.038237054717478555,0.0005970120698220679,64.0473729934382,3.8237054717478554,64.0473729934382
40.640803594490464,2.18983275,1523.799680436166,0.039744054540419425,0.0006101121930514729,65.14220661881834,3.9744054540419427,65.14220661881834
40.64090502381602,2.18983275,1523.799680436166,0.039561512289824095,0.0006034552706682647,65.55831759661952,3.9561512289824097,65.55831759661952
40.64100645314158,2.18983275,1523.790556133041,0.039019416108932725,0.0006034552706682647,64.65999719535588,3.9019416108932727,64.65999719535588
40.64110788246714,2.18983275,1523.790556133041,0.0386676060493435,0.0005970120698220671,64.76854992373597,3.8667606049343504,64.76854992373597
40.6412093117927,2.18983275,1523.781431829916,0.039069411479879176,0.0006034552706682647,64.74284570688035,3.9069411479879177,64.74284570688035
40.64131074111826,2.18983275,1523.7723075267909,0.03975908509573353,0.0006101121930514729,65.16684234235457,3.9759085095733533,65.16684234235457
40.64141217044382,2.18983275,1523.7723075267909,0.039576216638319436,0.0006034552706682647,65.58268452025092,3.9576216638319437,65.58268452025092
40.641513599769375,2.18983275,1523.763183223666,0.03906383547450089,0.0006034552706682647,64.7336055765023,3.9063835474500888,64.7336055765023
40.641615029094936,2.18983275,1523.754058920541,0.03916500718731158,0.0006034552706682656,64.90125961438748,3.916500718731158,64.90125961438748
40.6417164584205,2.18983275,1523.754058920541,0.039972242170235095,0.0006101121930514729,65.51621591155904,3.9972242170235095,65.51621591155904
40.64181788774606,2.18983275,1523.754058920541,0.039844961428941006,0.0006101121930514729,65.30759732838094,3.9844961428941006,65.30759732838094
40.64191931707162,2.18983275,1523.744934617416,0.03789300387018547,0.0005907713989299524,64.14156802245336,3.789300387018547,64.14156802245336
40.64202074639717,2.18983275,1523.735810314291,0.039035476024031304,0.0006034552706682656,64.6866104604629,3.9035476024031306,64.6866104604629
40.64212217572273,2.18983275,1523.735810314291,0.03868332484608304,0.0005970120698220687,64.79487903420794,3.8683324846083043,64.79487903420794
40.642223605048294,2.18983275,1523.726686011166,0.03826552438243126,0.0005970120698220679,64.0950599103228,3.826552438243126,64.0950599103228
40.642325034373854,2.18983275,1523.726686011166,0.03814365081889954,0.0005970120698220687,63.89092071499951,3.814365081889954,63.89092071499951
40.642426463699415,2.18983275,1523.717561708041,0.0379015030438026,0.0005907713989299524,64.1559545916619,3.79015030438026,64.1559545916619
40.64252789302497,2.18983275,1523.708437404916,0.03738115347033445,0.0005907713989299516,63.27515776498648,3.738115347033445,63.27515776498648
40.64262932235053,2.18983275,1523.699313101791,0.03748875389300647,0.0005907713989299524,63.457293228664746,3.748875389300647,63.457293228664746
40.64273075167609,2.18983275,1523.699313101791,0.03822597069187658,0.0005970120698220679,64.02880716175363,3.8225970691876583,64.02880716175363
40.64283218100165,2.18983275,1523.690188798666,0.03886993363475076,0.0006034552706682656,64.41228625231203,3.886993363475076,64.41228625231203
40.64293361032721,2.18983275,1523.690188798666,0.038709897906245815,0.0005970120698220687,64.83938912287448,3.8709897906245816,64.83938912287448
40.64303503965277,2.18983275,1523.681064495541,0.03816505638083398,0.0005970120698220687,63.92677520273343,3.816505638083398,63.92677520273343
40.64313646897833,2.18983275,1523.671940192416,0.039068969721959265,0.0006034552706682656,64.74211365938413,3.9068969721959266,64.74211365938413
40.64323789830389,2.18983275,1523.671940192416,0.0398740741734918,0.0006101121930514738,65.35531436285804,3.98740741734918,65.35531436285804
40.64333932762945,2.18983275,1523.671940192416,0.03974679343219761,0.0006101121930514729,65.14669577967985,3.9746793432197607,65.14669577967985
40.64344075695501,2.18983275,1523.653691586166,0.03975792980330673,0.0006101121930514729,65.16494876861525,3.9757929803306733,65.16494876861525
40.64354218628057,2.18983275,1523.653691586166,0.04079224701446948,0.0006169949138907154,66.11439753568983,4.079224701446948,66.11439753568983
40.64364361560612,2.18983275,1523.653691586166,0.04038536768549829,0.0006101121930514729,66.19334631473448,4.038536768549829,66.19334631473448
40.643745044931684,2.18983275,1523.644567283041,0.03997581716869512,0.0006101121930514721,65.52207548706139,3.9975817168695116,65.52207548706139
40.643846474257245,2.18983275,1523.635442979916,0.04067745141806178,0.0006169949138907154,65.92834155074856,4.067745141806178,65.92834155074856
40.643947903582806,2.18983275,1523.635442979916,0.04047008582101449,0.0006101121930514729,66.33220296516869,4.047008582101449,66.33220296516869
40.64404933290837,2.18983275,1523.626318676791,0.04176409576971371,0.000624116487570327,66.91714864367789,4.176409576971371,66.91714864367789
40.64415076223392,2.18983275,1523.626318676791,0.04132586363421315,0.0006169949138907164,66.97926142310614,4.132586363421315,66.97926142310614
40.64425219155948,2.18983275,1523.617194373666,0.03994353833195709,0.0006101121930514729,65.46916909196601,3.9943538331957087,65.46916909196601
40.64435362088504,2.18983275,1523.608070070541,0.04065018442577351,0.0006169949138907172,65.88414833023003,4.065018442577351,65.88414833023003
40.6444550502106,2.18983275,1523.608070070541,0.04044342377484358,0.0006101121930514738,66.28850273023713,4.044342377484358,66.28850273023713
40.64455647953616,2.18983275,1523.608070070541,0.0400684605501767,0.0006169949138907164,64.94131417957477,4.00684605501767,64.94131417957477
40.644657908861724,2.18983275,1523.589821464291,0.03911443760000406,0.0006034552706682664,64.81745955535152,3.9114437600004064,64.81745955535152
40.64475933818728,2.18983275,1523.589821464291,0.039920550728109794,0.0006101121930514738,65.43149142528576,3.992055072810979,65.43149142528576
40.64486076751284,2.18983275,1523.589821464291,0.03979326998681571,0.0006101121930514738,65.22287284210765,3.979326998681571,65.22287284210765
40.6449621968384,2.18983275,1523.580697161166,0.038741623452075706,0.0005970120698220687,64.89252966631331,3.8741623452075706,64.89252966631331
40.64506362616396,2.18983275,1523.571572858041,0.03900776732897567,0.0006034552706682656,64.64069372660963,3.900776732897567,64.64069372660963
40.64516505548952,2.18983275,1523.571572858041,0.0386562046936525,0.0005970120698220687,64.74945256160979,3.8656204693652505,64.74945256160979
40.645266484815075,2.18983275,1523.562448554916,0.03906166411844957,0.0006034552706682664,64.73000737103959,3.906166411844957,64.73000737103959
40.645367914140635,2.18983275,1523.562448554916,0.038937145739878505,0.0006034552706682656,64.52366502120292,3.8937145739878507,64.52366502120292
40.645469343466196,2.18983275,1523.553324251791,0.03707634296124523,0.0005847228700113637,63.4084022752944,3.7076342961245228,63.4084022752944
40.64557077279176,2.18983275,1523.544199948666,0.038086678046412456,0.0005970120698220695,63.79549086463799,3.8086678046412454,63.79549086463799
40.64567220211732,2.18983275,1523.544199948666,0.037761643032452094,0.0005907713989299539,63.919213253804436,3.7761643032452095,63.919213253804436
40.64577363144287,2.18983275,1523.535075645541,0.036604433149461116,0.0005847228700113637,62.60133650792508,3.6604433149461117,62.60133650792508
40.64587506076843,2.18983275,1523.525951342416,0.037994832201340346,0.0005970120698220695,63.64164833830602,3.7994832201340345,63.64164833830602
40.64597649009399,2.18983275,1523.525951342416,0.037856384268496,0.0005907713989299539,64.07958194500294,3.7856384268496,64.07958194500294
40.646077919419554,2.18983275,1523.525951342416,0.037450179146830395,0.0005970120698220695,62.7293501084356,3.7450179146830394,62.7293501084356
40.646179348745115,2.18983275,1523.507702736166,0.03744069547317856,0.0005907713989299539,63.37594463948957,3.744069547317856,63.37594463948957
40.646280778070675,2.18983275,1523.507702736166,0.03817689156968473,0.0005970120698220695,63.94659923887766,3.8176891569684726,63.94659923887766
40.64638220739623,2.18983275,1523.507702736166,0.03805501800615291,0.0005970120698220695,63.74246004355429,3.805501800615291,63.74246004355429
40.64648363672179,2.18983275,1523.498578433041,0.037852642361265114,0.0005907713989299539,64.0732480106966,3.7852642361265114,64.0732480106966
40.64658506604735,2.18983275,1523.498578433041,0.03744635776604272,0.0005970120698220695,62.7229492650007,3.744635776604272,62.7229492650007
40.64668649537291,2.18983275,1523.480329826791,0.03745988763814086,0.0005907713989299539,63.40843125782799,3.745988763814086,63.40843125782799
40.64678792469847,2.18983275,1523.480329826791,0.03819649135287943,0.0005970120698220687,63.97942903275537,3.819649135287943,63.97942903275537
40.646889354024026,2.18983275,1523.480329826791,0.03807461778934759,0.0005970120698220687,63.775289837431956,3.8074617789347593,63.775289837431956
40.64699078334959,2.18983275,1523.462081220541,0.03729229850523881,0.0005907713989299531,63.12475277710677,3.7292298505238812,63.12475277710677
40.64709221267515,2.18983275,1523.462081220541,0.038208148094653026,0.0005970120698220695,63.998954168615704,3.8208148094653027,63.998954168615704
40.64719364200071,2.18983275,1523.462081220541,0.03788058685854648,0.0005907713989299531,64.12054972051537,3.7880586858546477,64.12054972051537
40.64729507132627,2.18983275,1523.452956917416,0.03672881585684898,0.000584722870011363,62.814057292021474,3.6728815856848978,62.814057292021474
40.64739650065182,2.18983275,1523.443832614291,0.038083215285762084,0.0005970120698220687,63.78969071280631,3.8083215285762084,63.78969071280631
40.64749792997738,2.18983275,1523.443832614291,0.037942929242960284,0.0005907713989299531,64.22607680684136,3.7942929242960286,64.22607680684136
40.647599359302944,2.18983275,1523.434708311166,0.0382163440325674,0.0005970120698220687,64.01268243028531,3.82163440325674,64.01268243028531
40.647700788628505,2.18983275,1523.434708311166,0.037888612344895586,0.0005907713989299531,64.13413447828063,3.7888612344895587,64.13413447828063
40.647802217954066,2.18983275,1523.425584008041,0.03753901350869153,0.0005907713989299531,63.54236778673585,3.7539013508691528,63.54236778673585
40.64790364727963,2.18983275,1523.416459704916,0.03816563285875352,0.0005970120698220695,63.9277408078671,3.8165632858753518,63.9277408078671
40.64800507660518,2.18983275,1523.416459704916,0.03802363277120462,0.0005907713989299539,64.36268384027335,3.8023632771204623,64.36268384027335
40.64810650593074,2.18983275,1523.416459704916,0.03762097980424356,0.0005970120698220695,63.015442577996666,3.7620979804243557,63.015442577996666
40.6482079352563,2.18983275,1523.398211098666,0.0375798323935822,0.0005907713989299531,63.611461999767506,3.75798323935822,63.611461999767506
40.64830936458186,2.18983275,1523.398211098666,0.03831898358898841,0.0005970120698220687,64.18460450960205,3.8318983588988407,64.18460450960205
40.64841079390742,2.18983275,1523.398211098666,0.038197110025456595,0.0005970120698220687,63.980465314278696,3.8197110025456595,63.980465314278696
40.64851222323298,2.18983275,1523.379962492416,0.037314112714596184,0.0005907713989299531,63.16167773555413,3.7314112714596184,63.16167773555413
40.64861365255854,2.18983275,1523.379962492416,0.03823042561127548,0.0005970120698220687,64.03626918743794,3.823042561127548,64.03626918743794
40.6487150818841,2.18983275,1523.379962492416,0.03790240106790386,0.0005907713989299531,64.15747467896273,3.7902401067903857,64.15747467896273
40.64881651120966,2.18983275,1523.370838189291,0.03745449071842605,0.0005907713989299524,63.39929588037998,3.7454490718426046,63.39929588037998
40.64891794053522,2.18983275,1523.370838189291,0.03733515176897964,0.0005907713989299531,63.19729058753302,3.733515176897964,63.19729058753302
40.64901936986078,2.18983275,1523.361713886166,0.03713819322392444,0.000584722870011363,63.51417932943641,3.7138193223924443,63.51417932943641
40.649120799186335,2.18983275,1523.352589583041,0.038163862894623965,0.0005970120698220687,63.92477610376987,3.8163862894623963,63.92477610376987
40.649222228511896,2.18983275,1523.352589583041,0.03783722266130527,0.0005907713989299531,64.04714705186933,3.783722266130527,64.04714705186933
40.649323657837456,2.18983275,1523.343465279916,0.03669602124578445,0.0005847228700113637,62.75797155851162,3.669602124578445,62.75797155851162
40.64942508716302,2.18983275,1523.334340976791,0.03802360417934528,0.0005970120698220687,63.689841631975206,3.8023604179345276,63.689841631975206
40.64952651648858,2.18983275,1523.334340976791,0.03788455787341155,0.0005907713989299524,64.12727146580012,3.788455787341155,64.12727146580012
40.64962794581413,2.18983275,1523.334340976791,0.03747895112483532,0.0005970120698220687,62.77754340210477,3.747895112483532,62.77754340210477
40.64972937513969,2.18983275,1523.316092370541,0.03747970913627905,0.0005907713989299524,63.44198314976824,3.747970913627905,63.44198314976824
40.64983080446525,2.18983275,1523.316092370541,0.038216733835521134,0.0005970120698220679,64.01333535335586,3.8216733835521133,64.01333535335586
40.649932233790814,2.18983275,1523.316092370541,0.03809486027198942,0.0005970120698220687,63.80919615803258,3.809486027198942,63.80919615803258
40.650033663116375,2.18983275,1523.306968067416,0.03713328320946648,0.0005847228700113623,63.50578216436944,3.713328320946648,63.50578216436944
40.65013509244193,2.18983275,1523.297843764291,0.037408412077487664,0.0005907713989299516,63.32129846713046,3.7408412077487663,63.32129846713046
40.65023652176749,2.18983275,1523.288719461166,0.0375381226116722,0.0005907713989299524,63.54085976346172,3.7538122611672198,63.54085976346172
40.65033795109305,2.18983275,1523.288719461166,0.03827638794205947,0.0005970120698220687,64.11325645973494,3.8276387942059467,64.11325645973494
40.65043938041861,2.18983275,1523.288719461166,0.03815451437852766,0.0005970120698220687,63.909117264411584,3.815451437852766,63.909117264411584
40.65054080974417,2.18983275,1523.279595158041,0.037175599583314754,0.000584722870011363,63.578152129729965,3.7175599583314756,63.578152129729965
40.65064223906973,2.18983275,1523.270470854916,0.0382275781761264,0.0005970120698220687,64.0314997107506,3.8227578176126404,64.0314997107506
40.650743668395286,2.18983275,1523.270470854916,0.03789961285108751,0.0005907713989299531,64.15275505844387,3.789961285108751,64.15275505844387
40.65084509772085,2.18983275,1523.261346551791,0.036713411748715785,0.000584722870011363,62.787713003259704,3.6713411748715785,62.787713003259704
40.65094652704641,2.18983275,1523.252222248666,0.038048863329597046,0.0005970120698220679,63.732150911014315,3.8048863329597045,63.732150911014315
40.65104795637197,2.18983275,1523.252222248666,0.03790929170712917,0.0005907713989299524,64.1691384785946,3.7909291707129174,64.1691384785946
40.65114938569753,2.18983275,1523.243097945541,0.037382374742072406,0.0005907713989299524,63.27722501424756,3.738237474207241,63.27722501424756
40.65125081502308,2.18983275,1523.243097945541,0.037078366857948394,0.0005847228700113623,63.41186356748435,3.7078366857948395,63.41186356748435
40.651352244348644,2.18983275,1523.233973642416,0.03747395444990658,0.0005907713989299516,63.432242179939905,3.747395444990658,63.432242179939905
40.651453673674204,2.18983275,1523.224849339291,0.03698861900936299,0.0005847228700113623,63.25837573044514,3.698861900936299,63.25837573044514
40.651555102999765,2.18983275,1523.224849339291,0.03718411645091954,0.0005847228700113623,63.59271777790559,3.718411645091954,63.59271777790559
40.651656532325326,2.18983275,1523.215725036166,0.037445041975093254,0.0005907713989299516,63.38330197249978,3.7445041975093254,63.38330197249978
40.65175796165088,2.18983275,1523.206600733041,0.037541101009110615,0.0005907713989299524,63.54590130312293,3.7541101009110616,63.54590130312293
40.65185939097644,2.18983275,1523.206600733041,0.038279429597035626,0.0005970120698220687,64.11835125618866,3.8279429597035626,64.11835125618866
40.651960820302,2.18983275,1523.206600733041,0.03815755603350371,0.0005970120698220679,63.914212060865204,3.815755603350371,63.914212060865204
40.65206224962756,2.18983275,1523.188352126791,0.037885962884293065,0.0005970120698220679,63.45929136002981,3.7885962884293063,63.45929136002981
40.65216367895312,2.18983275,1523.188352126791,0.038240638353773004,0.0005970120698220687,64.05337561294215,3.8240638353773004,64.05337561294215
40.652265108278684,2.18983275,1523.188352126791,0.037912401415192296,0.0005907713989299516,64.17440228802886,3.7912401415192294,64.17440228802886
40.65236653760424,2.18983275,1523.179227823666,0.0374863838732485,0.0005907713989299508,63.45328149119377,3.74863838732485,63.45328149119377
40.6524679669298,2.18983275,1523.170103520541,0.03777692923916392,0.0005907713989299516,63.94508824832796,3.777692923916392,63.94508824832796
40.65256939625536,2.18983275,1523.170103520541,0.03797649215478289,0.0005907713989299516,64.28288881887087,3.797649215478289,64.28288881887087
40.65267082558092,2.18983275,1523.160979217416,0.03827218595665545,0.0005970120698220679,64.10621810051848,3.827218595665545,64.10621810051848
40.65277225490648,2.18983275,1523.160979217416,0.037943292920096704,0.0005907713989299516,64.2266924039017,3.7943292920096705,64.2266924039017
40.652873684232034,2.18983275,1523.151854914291,0.03834221065152434,0.0005970120698220679,64.22351002543678,3.8342210651524344,64.22351002543678
40.652975113557595,2.18983275,1523.151854914291,0.038220337087992516,0.0005970120698220679,64.0193708301134,3.8220337087992515,64.0193708301134
40.653076542883156,2.18983275,1523.142730611166,0.03796644532978349,0.0005907713989299516,64.26588253688499,3.7966445329783487,64.26588253688499
40.65317797220872,2.18983275,1523.133606308041,0.038252581628553196,0.0005970120698220671,64.07338069388439,3.8252581628553197,64.07338069388439
40.65327940153428,2.18983275,1523.124482004916,0.038340977511825296,0.0005970120698220679,64.2214445065614,3.8340977511825294,64.2214445065614
40.65338083085983,2.18983275,1523.124482004916,0.039112747583629814,0.0006034552706682656,64.81465898925103,3.9112747583629814,64.81465898925103
40.65348226018539,2.18983275,1523.124482004916,0.03898822920505876,0.0006034552706682647,64.60831663941438,3.898822920505876,64.60831663941438
40.65358368951095,2.18983275,1523.115357701791,0.03799004699436006,0.0005907713989299516,64.30583312457308,3.799004699436006,64.30583312457308
40.65368511883651,2.18983275,1523.106233398666,0.038307015598681174,0.0005970120698220671,64.16455802995434,3.8307015598681176,64.16455802995434
40.653786548162074,2.18983275,1523.106233398666,0.03797739820731809,0.0005907713989299508,64.28442249591903,3.7977398207318087,64.28442249591903
40.653887977487635,2.18983275,1523.097109095541,0.03840178386936615,0.0005970120698220663,64.3232956426014,3.840178386936615,64.3232956426014
40.65398940681319,2.18983275,1523.087984792416,0.03792619435962854,0.0005907713989299508,64.19774963433113,3.792619435962854,64.19774963433113
40.65409083613875,2.18983275,1523.087984792416,0.038125757275247495,0.0005907713989299508,64.53555020487401,3.8125757275247496,64.53555020487401
40.65419226546431,2.18983275,1523.078860489291,0.03763677182736065,0.0005907713989299508,63.70784350009357,3.7636771827360653,63.70784350009357
40.65429369478987,2.18983275,1523.078860489291,0.037327581393419795,0.0005847228700113608,63.83807322722736,3.7327581393419793,63.83807322722736
40.65439512411543,2.18983275,1523.069736186166,0.038453974048418105,0.0005970120698220671,64.41071461064244,3.8453974048418105,64.41071461064244
40.654496553440985,2.18983275,1523.060611883041,0.03871825600470203,0.0005970120698220671,64.85338900475091,3.871825600470203,64.85338900475091
40.654597982766546,2.18983275,1523.060611883041,0.03892205739383847,0.0005970120698220671,65.19475796433858,3.892205739383847,65.19475796433858
40.65469941209211,2.18983275,1523.051487579916,0.03918741288096048,0.0006034552706682647,64.93838861920031,3.918741288096048,64.93838861920031
40.65480084141767,2.18983275,1523.051487579916,0.03883203450965466,0.0005970120698220671,65.04396891209942,3.883203450965466,65.04396891209942
40.65490227074323,2.18983275,1523.042363276791,0.03924131875504185,0.000603455270668264,65.0277173179483,3.924131875504185,65.0277173179483
40.65500370006878,2.18983275,1523.042363276791,0.03911680037647092,0.000603455270668264,64.82137496811177,3.9116800376470917,64.82137496811177
40.65510512939434,2.18983275,1523.033238973666,0.03811280088404433,0.0005907713989299508,64.5136188940038,3.811280088404433,64.5136188940038
40.655206558719904,2.18983275,1523.024114670541,0.038365465139767206,0.0005970120698220671,64.26246147955034,3.8365465139767205,64.26246147955034
40.655307988045465,2.18983275,1523.024114670541,0.03803463216870149,0.0005907713989299508,64.38130254374644,3.8034632168701488,64.38130254374644
40.655409417371025,2.18983275,1523.014990367416,0.03837337081464752,0.0005970120698220671,64.27570354831231,3.837337081464752,64.27570354831231
40.655510846696586,2.18983275,1523.014990367416,0.038251497251115686,0.0005970120698220671,64.07156435298891,3.8251497251115687,64.07156435298891
40.65561227602214,2.18983275,1523.005866064291,0.03797788720922543,0.0005907713989299508,64.28525023048476,3.797788720922543,64.28525023048476
40.6557137053477,2.18983275,1522.996741761166,0.038201871671499125,0.0005970120698220663,63.9884411095488,3.8201871671499124,63.9884411095488
40.65581513467326,2.18983275,1522.987617458041,0.038280546436576066,0.0005970120698220671,64.12022197136677,3.8280546436576066,64.12022197136677
40.65591656399882,2.18983275,1522.987617458041,0.039051005075351,0.0006034552706682647,64.71234401864785,3.9051005075351,64.71234401864785
40.65601799332438,2.18983275,1522.987617458041,0.03892648669677996,0.000603455270668264,64.50600166881122,3.8926486696779965,64.50600166881122
40.65611942264994,2.18983275,1522.978493154916,0.03831235474535617,0.0005970120698220671,64.17350114341029,3.8312354745356174,64.17350114341029
40.6562208519755,2.18983275,1522.969368851791,0.03740974527308023,0.0005907713989299508,63.32355517013781,3.7409745273080235,63.32355517013781
40.65632228130106,2.18983275,1522.969368851791,0.03710517979946851,0.0005847228700113608,63.45771937866493,3.7105179799468506,63.45771937866493
40.65642371062662,2.18983275,1522.960244548666,0.03750150346073411,0.0005907713989299501,63.47887444899952,3.750150346073411,63.47887444899952
40.65652513995218,2.18983275,1522.951120245541,0.0370230592738973,0.0005847228700113608,63.317275880072835,3.70230592738973,63.317275880072835
40.65662656927773,2.18983275,1522.951120245541,0.03760262519334891,0.0005907713989299508,63.65004342027658,3.7602625193348906,63.65004342027658
40.656727998603294,2.18983275,1522.941995942416,0.03823224845743125,0.0005970120698220671,64.03932246935301,3.823224845743125,64.03932246935301
40.656829427928855,2.18983275,1522.941995942416,0.03790418600418469,0.0005907713989299508,64.16049604439141,3.7904186004184686,64.16049604439141
40.656930857254416,2.18983275,1522.932871639291,0.03830661053622921,0.0005970120698220671,64.16387954710208,3.8306610536229213,64.16387954710208
40.65703228657998,2.18983275,1522.923747336166,0.038604145382023884,0.0005970120698220671,64.66225279755135,3.8604145382023884,64.66225279755135
40.65713371590554,2.18983275,1522.923747336166,0.0392432958592165,0.000603455270668264,65.0309936240322,3.92432958592165,65.0309936240322
40.65723514523109,2.18983275,1522.914623033041,0.039190390433694045,0.0006034552706682647,64.94332279225056,3.9190390433694047,64.94332279225056
40.65733657455665,2.18983275,1522.914623033041,0.038834948818099804,0.0005970120698220671,65.04885040209344,3.8834948818099804,65.04885040209344
40.65743800388221,2.18983275,1522.905498729916,0.03920765767547378,0.0006034552706682647,64.9719367469528,3.920765767547378,64.9719367469528
40.65753943320777,2.18983275,1522.905498729916,0.03843505944409019,0.0005970120698220671,64.37903249685611,3.843505944409019,64.37903249685611
40.657640862533334,2.18983275,1522.896374426791,0.03848159222613103,0.0005970120698220671,64.4569752795786,3.8481592226131034,64.4569752795786
40.65774229185889,2.18983275,1522.887250123666,0.03832334398632904,0.0005970120698220671,64.19190821008173,3.8323343986329044,64.19190821008173
40.65784372118445,2.18983275,1522.887250123666,0.03799338701220393,0.0005907713989299508,64.31148677986168,3.799338701220393,64.31148677986168
40.65794515051001,2.18983275,1522.878125820541,0.03839777013238701,0.0005970120698220671,64.3165726010046,3.839777013238701,64.3165726010046
40.65804657983557,2.18983275,1522.869001517416,0.03784375258181217,0.0005907713989299508,64.05820026216163,3.784375258181217,64.05820026216163
40.65814800916113,2.18983275,1522.869001517416,0.038453116634074955,0.0005970120698220671,64.40927843474837,3.8453116634074953,64.40927843474837
40.658249438486685,2.18983275,1522.859877214291,0.03911092449195251,0.000603455270668264,64.81163790091887,3.9110924491952512,64.81163790091887
40.658350867812246,2.18983275,1522.859877214291,0.038757170761474044,0.0005970120698220671,64.9185715341152,3.8757170761474042,64.9185715341152
40.658452297137806,2.18983275,1522.850752911166,0.0375791019311366,0.0005907713989299516,63.61022554443669,3.75791019311366,63.61022554443669
40.65855372646337,2.18983275,1522.841628608041,0.03781744587167356,0.0005907713989299516,64.01367083811316,3.781744587167356,64.01367083811316
40.65865515578893,2.18983275,1522.841628608041,0.038426251201420535,0.0005970120698220671,64.36427861981593,3.8426251201420536,64.36427861981593
40.65875658511449,2.18983275,1522.832504304916,0.0374768116075348,0.0005907713989299516,63.43707849671725,3.74768116075348,63.43707849671725
40.65885801444004,2.18983275,1522.832504304916,0.03717087986583493,0.0005847228700113615,63.5700804128162,3.717087986583493,63.5700804128162
40.6589594437656,2.18983275,1522.823380001791,0.037464328873369424,0.0005907713989299508,63.41594894611961,3.746432887336942,63.41594894611961
40.659060873091164,2.18983275,1522.814255698666,0.037031011463525276,0.0005847228700113615,63.33087580926284,3.7031011463525276,63.33087580926284
40.659162302416725,2.18983275,1522.814255698666,0.0376107427530217,0.0005907713989299516,63.663784030752055,3.76107427530217,63.663784030752055
40.659263731742286,2.18983275,1522.805131395541,0.037428596933907286,0.0005907713989299516,63.355465416404215,3.7428596933907285,63.355465416404215
40.65936516106784,2.18983275,1522.796007092416,0.03755240728374007,0.0005907713989299516,63.565039458169,3.755240728374007,63.565039458169
40.6594665903934,2.18983275,1522.796007092416,0.038290976003181744,0.0005970120698220679,64.13769157898918,3.8290976003181743,64.13769157898918
40.65956801971896,2.18983275,1522.786882789291,0.03774839006468376,0.0005907713989299516,63.89677992715356,3.7748390064683757,63.89677992715356
40.65966944904452,2.18983275,1522.786882789291,0.038355728733111286,0.0005970120698220679,64.24615292039697,3.8355728733111287,64.24615292039697
40.65977087837008,2.18983275,1522.777758486166,0.03905885596277383,0.0006034552706682647,64.72535390986006,3.905885596277383,64.72535390986006
40.659872307695636,2.18983275,1522.777758486166,0.038706208186537756,0.0005970120698220679,64.83320881280284,3.8706208186537756,64.83320881280284
40.6599737370212,2.18983275,1522.768634183041,0.03828828069935222,0.0005970120698220679,64.13317692348092,3.828828069935222,64.13317692348092
40.66007516634676,2.18983275,1522.759509879916,0.038504092927093114,0.0005970120698220671,64.49466413395768,3.8504092927093114,64.49466413395768
40.66017659567232,2.18983275,1522.759509879916,0.03914107213571998,0.0006034552706682647,64.8615962743606,3.9141072135719983,64.8615962743606
40.66027802499788,2.18983275,1522.750385576791,0.03819094969932466,0.0005970120698220671,63.97014671865353,3.819094969932466,63.97014671865353
40.66037945432344,2.18983275,1522.750385576791,0.0378637461395983,0.0005907713989299508,64.09204339983273,3.78637461395983,64.09204339983273
40.660480883648994,2.18983275,1522.741261273666,0.038270034400619254,0.0005970120698220663,64.10261422692052,3.8270034400619255,64.10261422692052
40.660582312974554,2.18983275,1522.732136970541,0.037738822494286194,0.0005907713989299508,63.88058488044878,3.7738822494286195,63.88058488044878
40.660683742300115,2.18983275,1522.732136970541,0.039194939577209965,0.000603455270668264,64.95086128555252,3.9194939577209964,64.95086128555252
40.660785171625676,2.18983275,1522.723012667416,0.03818504839298353,0.0005970120698220671,63.96026198325297,3.8185048392983525,63.96026198325297
40.66088660095124,2.18983275,1522.713888364291,0.03832334222081024,0.0005970120698220679,64.19190525282352,3.832334222081024,64.19190525282352
40.66098803027679,2.18983275,1522.713888364291,0.03909472958383408,0.0006034552706682656,64.78480093568596,3.909472958383408,64.78480093568596
40.66108945960235,2.18983275,1522.713888364291,0.038324529985636506,0.0005970120698220679,64.19389476842346,3.8324529985636504,64.19389476842346
40.66119088892791,2.18983275,1522.704764061166,0.03763051778597641,0.0005907713989299516,63.6972572709775,3.763051778597641,63.6972572709775
40.66129231825347,2.18983275,1522.695639758041,0.038264383056690006,0.0005970120698220687,64.09314818056222,3.826438305669001,64.09314818056222
40.661393747579034,2.18983275,1522.695639758041,0.03793565229765547,0.0005907713989299524,64.21375910608951,3.793565229765547,64.21375910608951
40.661495176904594,2.18983275,1522.686515454916,0.03755446209303336,0.0005907713989299516,63.56851763821802,3.755446209303336,63.56851763821802
40.66159660623015,2.18983275,1522.677391151791,0.03704816673727017,0.0005847228700113623,63.3602149622611,3.704816673727017,63.3602149622611
40.66169803555571,2.18983275,1522.677391151791,0.03762825477987748,0.0005907713989299524,63.69342667575391,3.7628254779877484,63.69342667575391
40.66179946488127,2.18983275,1522.668266848666,0.037549276822287446,0.0005907713989299524,63.559740519428324,3.7549276822287445,63.559740519428324
40.66190089420683,2.18983275,1522.668266848666,0.037241868827095834,0.0005847228700113623,63.69148657785893,3.724186882709583,63.69148657785893
40.66200232353239,2.18983275,1522.659142545541,0.03765522504982096,0.0005907713989299516,63.73907930889149,3.765522504982096,63.73907930889149
40.662103752857945,2.18983275,1522.650018242416,0.03791841934341753,0.0005907713989299531,64.18458884789963,3.791841934341753,64.18458884789963
40.662205182183506,2.18983275,1522.650018242416,0.03852936922684891,0.0005970120698220687,64.53700213855319,3.852936922684891,64.53700213855319
40.66230661150907,2.18983275,1522.650018242416,0.037717333160401,0.0005970120698220687,63.176835221509236,3.7717333160400996,63.176835221509236
40.66240804083463,2.18983275,1522.631769636166,0.037690692633499084,0.0005907713989299531,63.799115363010344,3.7690692633499085,63.799115363010344
40.66250947016019,2.18983275,1522.631769636166,0.03843219836551633,0.0005970120698220687,64.3742401673228,3.8432198365516332,64.3742401673228
40.66261089948574,2.18983275,1522.622645333041,0.03790307660596668,0.0005907713989299531,64.15861816367449,3.790307660596668,64.15861816367449
40.6627123288113,2.18983275,1522.622645333041,0.03851370062832227,0.0005970120698220687,64.51075711048983,3.8513700628322267,64.51075711048983
40.66281375813686,2.18983275,1522.613521029916,0.03915669561642758,0.0006034552706682664,64.8874863137171,3.915669561642758,64.8874863137171
40.662915187462424,2.18983275,1522.613521029916,0.038801969690842056,0.0005970120698220687,64.99361009971952,3.8801969690842055,64.99361009971952
40.663016616787985,2.18983275,1522.604396726791,0.03841236718147252,0.0005970120698220679,64.34102277516911,3.841236718147252,64.34102277516911
40.663118046113546,2.18983275,1522.595272423666,0.037894494858035484,0.0005907713989299524,64.14409182074948,3.7894494858035483,64.14409182074948
40.6632194754391,2.18983275,1522.595272423666,0.038504936614506616,0.0005970120698220687,64.49607731713446,3.8504936614506615,64.49607731713446
40.66332090476466,2.18983275,1522.5861481205409,0.03920321823056632,0.0006034552706682656,64.96458003780914,3.920321823056632,64.96458003780914
40.66342233409022,2.18983275,1522.5861481205409,0.038847504147964,0.0005970120698220695,65.06988068020453,3.8847504147964,65.06988068020453
40.66352376341578,2.18983275,1522.577023817416,0.03845920960293666,0.0005970120698220687,64.41948420640625,3.845920960293666,64.41948420640625
40.66362519274134,2.18983275,1522.567899514291,0.03946458884135155,0.0006034552706682664,65.39770345803504,3.946458884135155,65.39770345803504
40.663726622066896,2.18983275,1522.567899514291,0.04013707039665569,0.0006101121930514745,65.7863764300632,4.013707039665569,65.7863764300632
40.66382805139246,2.18983275,1522.567899514291,0.039289006636970415,0.0006101121930514738,64.39636362693655,3.9289006636970414,64.39636362693655
40.66392948071802,2.18983275,1522.549650908041,0.03930878716110571,0.0006034552706682664,65.13952080918136,3.930878716110571,65.13952080918136
40.66403091004358,2.18983275,1522.549650908041,0.04011921181325318,0.0006101121930514738,65.75710544743762,4.011921181325318,65.75710544743762
40.66413233936914,2.18983275,1522.549650908041,0.03931000070197547,0.0006034552706682664,65.1415317964554,3.931000070197547,65.1415317964554
40.66423376869469,2.18983275,1522.540526604916,0.03936271504336614,0.0006034552706682656,65.22888597820335,3.936271504336614,65.22888597820335
40.664335198020254,2.18983275,1522.531402301791,0.03843308317495961,0.0005970120698220679,64.37572223022914,3.843308317495961,64.37572223022914
40.664436627345815,2.18983275,1522.522277998666,0.038515388474007,0.0005970120698220687,64.51358426553418,3.8515388474007,64.51358426553418
40.664538056671375,2.18983275,1522.522277998666,0.03929094349081834,0.0006034552706682656,65.10995164116737,3.9290943490818337,65.10995164116737
40.664639485996936,2.18983275,1522.522277998666,0.03851657623883325,0.0005970120698220687,64.5155737811341,3.851657623883325,64.5155737811341
40.6647409153225,2.18983275,1522.504029392416,0.0387955965852284,0.0006034552706682656,64.28910056956866,3.8795596585228402,64.28910056956866
40.66484234464805,2.18983275,1522.504029392416,0.039157968974274135,0.0006034552706682672,64.88959642511787,3.9157968974274135,64.88959642511787
40.66494377397361,2.18983275,1522.504029392416,0.03880321600211106,0.0005970120698220695,64.99569768108002,3.880321600211106,64.99569768108002
40.66504520329917,2.18983275,1522.494905089291,0.038374590241649575,0.0005970120698220687,64.2777460983102,3.8374590241649575,64.2777460983102
40.66514663262473,2.18983275,1522.485780786166,0.0386145539204321,0.0005970120698220695,64.67968718277436,3.86145539204321,64.67968718277436
40.665248061950294,2.18983275,1522.485780786166,0.039253930276462866,0.0006034552706682672,65.0486161683417,3.9253930276462867,65.0486161683417
40.66534949127585,2.18983275,1522.476656483041,0.039116762518943415,0.0006034552706682664,64.8213122335074,3.9116762518943418,64.8213122335074
40.66545092060141,2.18983275,1522.467532179916,0.03920773437609659,0.0006034552706682664,64.97206384936857,3.9207734376096592,64.97206384936857
40.66555234992697,2.18983275,1522.467532179916,0.040015917235108125,0.0006101121930514738,65.58780121237812,4.0015917235108125,65.58780121237812
40.66565377925253,2.18983275,1522.458407876791,0.039429336024249,0.0006034552706682664,65.33928518112859,3.9429336024249,65.33928518112859
40.66575520857809,2.18983275,1522.458407876791,0.040101035517748546,0.0006101121930514745,65.72731372107697,4.010103551774854,65.72731372107697
40.665856637903644,2.18983275,1522.449283573666,0.03906451199967954,0.0006034552706682656,64.73472666237474,3.906451199967954,64.73472666237474
40.665958067229205,2.18983275,1522.440159270541,0.03997371402770258,0.0006101121930514738,65.51862834895037,3.997371402770258,65.51862834895037
40.666059496554766,2.18983275,1522.440159270541,0.04081767968349514,0.0006169949138907164,66.1556177604486,4.081767968349514,66.1556177604486
40.66616092588033,2.18983275,1522.440159270541,0.039974954490221176,0.0006101121930514738,65.52066152011582,3.9974954490221175,65.52066152011582
40.66626235520589,2.18983275,1522.421910664291,0.04041760135765035,0.0006169949138907164,65.50718725180482,4.041760135765035,65.50718725180482
40.66636378453145,2.18983275,1522.421910664291,0.04079641716888367,0.0006169949138907164,66.12115635058481,4.079641716888367,66.12115635058481
40.666465213857,2.18983275,1522.421910664291,0.040389445320770795,0.0006101121930514738,66.20002973348744,4.038944532077079,66.20002973348744
40.66656664318256,2.18983275,1522.412786361166,0.03998340948994721,0.0006101121930514729,65.5345196265795,3.9983409489947213,65.5345196265795
40.66666807250812,2.18983275,1522.403662058041,0.04027614025848286,0.0006101121930514738,66.01431788642331,4.027614025848286,66.01431788642331
40.666769501833684,2.18983275,1522.403662058041,0.040982360056676714,0.0006169949138907164,66.42252494148697,4.098236005667672,66.42252494148697
40.666870931159245,2.18983275,1522.394537754916,0.04083896801878826,0.0006169949138907164,66.19012101941209,4.083896801878826,66.19012101941209
40.6669723604848,2.18983275,1522.394537754916,0.040431052136541655,0.0006101121930514738,66.26822508549765,4.043105213654165,66.26822508549765
40.66707378981036,2.18983275,1522.385413451791,0.040103101439195925,0.0006101121930514729,65.73069985476027,4.010310143919592,65.73069985476027
40.66717521913592,2.18983275,1522.376289148666,0.04038279788363334,0.0006101121930514738,66.18913429947848,4.038279788363334,66.18913429947848
40.66727664846148,2.18983275,1522.376289148666,0.04109143768049565,0.0006169949138907164,66.599313471446,4.109143768049565,66.599313471446
40.66737807778704,2.18983275,1522.376289148666,0.040224131853810546,0.0006169949138907172,65.19361983093282,4.022413185381055,65.19361983093282
40.667479507112596,2.18983275,1522.358040542416,0.03937558441104028,0.0006034552706682664,65.25021211172083,3.9375584411040285,65.25021211172083
40.667580936438156,2.18983275,1522.358040542416,0.04018749091860014,0.0006101121930514738,65.86901782375887,4.018749091860014,65.86901782375887
40.66768236576372,2.18983275,1522.358040542416,0.03937679795191004,0.0006034552706682664,65.25222309899485,3.9376797951910043,65.25222309899485
40.66778379508928,2.18983275,1522.339791936166,0.039753414875049964,0.0006101121930514738,65.15754860794277,3.9753414875049966,65.15754860794277
40.66788522441484,2.18983275,1522.339791936166,0.04012382626999071,0.0006101121930514738,65.76466873955026,4.012382626999071,65.76466873955026
40.6679866537404,2.18983275,1522.339791936166,0.03974034974752804,0.0006034552706682664,65.85467337706666,3.974034974752804,65.85467337706666
40.66808808306595,2.18983275,1522.330667633041,0.040178918726191365,0.0006101121930514738,65.8549676334719,4.017891872619137,65.8549676334719
40.668189512391514,2.18983275,1522.330667633041,0.03936841180103846,0.0006034552706682664,65.23832621006339,3.936841180103846,65.23832621006339
40.668290941717075,2.18983275,1522.321543329916,0.03942407140011471,0.0006034552706682664,65.33056104797377,3.942407140011471,65.33056104797377
40.668392371042636,2.18983275,1522.312419026791,0.03928690364259535,0.0006034552706682664,65.10325711313952,3.928690364259535,65.10325711313952
40.668493800368196,2.18983275,1522.312419026791,0.03892941205181437,0.0005970120698220695,65.20707707537085,3.8929412051814367,65.20707707537085
40.66859522969375,2.18983275,1522.3032947236659,0.03769769468561708,0.0005907713989299531,63.81096775148189,3.7697694685617082,63.81096775148189
40.66869665901931,2.18983275,1522.294170420541,0.037859936598236485,0.0005907713989299539,64.08559498108917,3.7859936598236485,64.08559498108917
40.66879808834487,2.18983275,1522.294170420541,0.03846964437931678,0.0005970120698220695,64.43696254044256,3.846964437931678,64.43696254044256
40.66889951767043,2.18983275,1522.294170420541,0.037657608312868754,0.0005970120698220687,63.076795623398525,3.7657608312868756,63.076795623398525
40.66900094699599,2.18983275,1522.275921814291,0.03765025392686767,0.0005907713989299531,63.7306646785245,3.7650253926867667,63.7306646785245
40.66910237632155,2.18983275,1522.275921814291,0.03839090078995827,0.0005970120698220687,64.30506639740157,3.8390900789958273,64.30506639740157
40.66920380564711,2.18983275,1522.275921814291,0.03765141698965542,0.0005907713989299531,63.73263339737219,3.765141698965542,63.73263339737219
40.66930523497267,2.18983275,1522.266797511166,0.03766725263511447,0.0005907713989299524,63.75943842802835,3.7667252635114474,63.75943842802835
40.66940666429823,2.18983275,1522.257673208041,0.03756327414687908,0.0005907713989299531,63.583433820452946,3.7563274146879078,63.583433820452946
40.66950809362379,2.18983275,1522.248548904916,0.037669195415042496,0.0005907713989299528,63.76272697573312,3.7669195415042496,63.76272697573312
40.66960952294935,2.18983275,1522.248548904916,0.03841024457229566,0.0005970120698220687,64.33746738779219,3.8410244572295658,64.33746738779219
40.669710952274905,2.18983275,1522.248548904916,0.0376703584778303,0.0005907713989299531,63.764695694580865,3.76703584778303,63.764695694580865
40.669812381600465,2.18983275,1522.230300298666,0.03798018855888198,0.0005970120698220687,63.6171201198687,3.798018855888198,63.6171201198687
40.669913810926026,2.18983275,1522.230300298666,0.03833486402836181,0.0005970120698220687,64.21120437278093,3.833486402836181,64.21120437278093
40.67001524025159,2.18983275,1522.230300298666,0.03800466747101662,0.0005907713989299528,64.33058123641968,3.800466747101662,64.33058123641968
40.67011666957715,2.18983275,1522.221175995541,0.03683937817372743,0.000584722870011363,63.003142280054014,3.6839378173727426,63.003142280054014
40.6702180989027,2.18983275,1522.212051692416,0.03788232608938796,0.0005907713989299524,64.12349372024975,3.788232608938796,64.12349372024975
40.67031952822826,2.18983275,1522.212051692416,0.03849250939601869,0.0005970120698220671,64.4752616266049,3.8492509396018693,64.4752616266049
40.67042095755382,2.18983275,1522.202927389291,0.037249245114642414,0.0005847228700113623,63.704101592466515,3.7249245114642413,63.704101592466515
40.670522386879384,2.18983275,1522.202927389291,0.03724699196675056,0.0005847228700113623,63.70024823216985,3.724699196675056,63.70024823216985
40.670623816204944,2.18983275,1522.193803086166,0.03760353807466083,0.000590771398929952,63.65158865640937,3.760353807466083,63.65158865640937
40.6707252455305,2.18983275,1522.184678783041,0.03783446221165743,0.000590771398929952,64.04247443289562,3.7834462211657427,64.04247443289562
40.67082667485606,2.18983275,1522.184678783041,0.03844362894776187,0.0005970120698220687,64.39338648416182,3.8443628947761868,64.39338648416182
40.67092810418162,2.18983275,1522.175554479916,0.037233871980181306,0.0005847228700113626,63.677810275246735,3.7233871980181306,63.677810275246735
40.67102953350718,2.18983275,1522.166430176791,0.03815061061263693,0.0005970120698220687,63.90257842526903,3.815061061263693,63.90257842526903
40.67113096283274,2.18983275,1522.166430176791,0.03833649136176885,0.0005970120698220679,64.21393016927543,3.833649136176885,64.21393016927543
40.6712323921583,2.18983275,1522.166430176791,0.03759813911862307,0.0005907713989299528,63.64244983207294,3.7598139118623073,63.64244983207294
40.671333821483856,2.18983275,1522.148181570541,0.037905131991401435,0.0005970120698220679,63.491399768012386,3.7905131991401433,63.491399768012386
40.67143525080942,2.18983275,1522.148181570541,0.037933471864182416,0.0005907713989299524,64.21006828172496,3.7933471864182415,64.21006828172496
40.67153668013498,2.18983275,1522.148181570541,0.03793117186087268,0.000590771398929952,64.20617506124428,3.793117186087268,64.20617506124428
40.67163810946054,2.18983275,1522.139057267416,0.03756215179772038,0.000590771398929952,63.58153401765161,3.756215179772038,63.58153401765161
40.6717395387861,2.18983275,1522.129932964291,0.037051842046820715,0.0005847228700113615,63.36650052032474,3.7051842046820713,63.36650052032474
40.67184096811165,2.18983275,1522.129932964291,0.03763200651945964,0.0005907713989299513,63.699777253302216,3.7632006519459638,63.699777253302216
40.67194239743721,2.18983275,1522.120808661166,0.03719814421645771,0.0005847228700113615,63.61670822920767,3.7198144216457707,63.61670822920767
40.672043826762774,2.18983275,1522.120808661166,0.03719589106856597,0.0005847228700113623,63.612854868911114,3.7195891068565965,63.612854868911114
40.672145256088335,2.18983275,1522.111684358041,0.03758392946980014,0.0005907713989299516,63.6183971293717,3.7583929469800137,63.6183971293717
40.672246685413896,2.18983275,1522.102560054916,0.03783404198946464,0.000590771398929952,64.04176312189858,3.783404198946464,64.04176312189858
40.67234811473945,2.18983275,1522.102560054916,0.038443199800560934,0.0005970120698220682,64.39266765916213,3.8443199800560937,64.39266765916213
40.67244954406501,2.18983275,1522.102560054916,0.03763116373411293,0.0005970120698220675,63.0325007421181,3.763116373411293,63.0325007421181
40.67255097339057,2.18983275,1522.084311448666,0.03814751931815884,0.0005970120698220675,63.897400482251996,3.814751931815884,63.897400482251996
40.67265240271613,2.18983275,1522.084311448666,0.03833340006729091,0.0005970120698220679,64.20875222625853,3.8333400067290913,64.20875222625853
40.67275383204169,2.18983275,1522.084311448666,0.0375951121140394,0.000590771398929952,63.637326014993945,3.7595112114039404,63.637326014993945
40.67285526136725,2.18983275,1522.075187145541,0.037640294179240495,0.0005907713989299516,63.71380579259144,3.7640294179240494,63.71380579259144
40.67295669069281,2.18983275,1522.066062842416,0.03803129956120818,0.0005907713989299508,64.37566143197404,3.8031299561208183,64.37566143197404
40.67305812001837,2.18983275,1522.066062842416,0.0372584456039115,0.0005847228700113611,63.719836378535305,3.72584456039115,63.719836378535305
40.67315954934393,2.18983275,1522.056938539291,0.03763717925847141,0.0005907713989299508,63.708533159598915,3.763717925847141,63.708533159598915
